Name	L	T	K	F	R	LF
Acaulon muticum (Hedw.) C. Muell.	9	5	5	7	5	T
Acaulon piligerum (De Not.) Limpr.	9	9	7	3	7	T
Acaulon triquetrum (Spruce) C. Muell.	9	7	5	3	6	T
Aloina aloides (Koch ex F. H. Schultz) Kindb.	7	6	5	4	9	T
Aloina ambigua (Br. & S.) Limpr.	7	6	5	4	8	T
Aloina brevirostris (Hook. & Grev.) Kindb.	8	2	6	6	6	T
Aloina rigida (Hedw.) Limpr.	7	4	5	5	6	T
Amblyodon dealbatus (Hedw.) B. & S.	8	1	6	7	7	C, H
Amblystegium humile (P. Beauv.) Crundwell (kochii)	5	5	5	6	4	C
Amblystegium riparium (Hedw.) B., S. & G.	x	x	5	7	5	C, A
Amblystegium saxatile Schimp.	5	6	5	6	?	C
Amblystegium serpens (Hedw.) B., S. & G. var. serpens	5	x	5	4	6	C, E
Amblystegium serpens var. juratzkanum (Schimp.) Rau & Herv.	5	x	5	6	4	C,(E)
Amblystegium serpens var. salinum Carringt.	8	x	3	6	6	C
Amblystegium varium (Hedw.) Lindb.	5	5	5	5	6	C,(E)
Amphidium lapponicum (Hedw.) Schimp.	4	1	6	6	2	C
Amphidium mougeotii (B. & S.) Schimp.	4	3	4	7	6	C
Anacamptodon splachnoides (Froel. ex Brid.) Brid.	4	7	7	5	3	C, E
Anastrepta orcadensis (Hook.) Schiffn.	5	3	3	6	2	C
Anastrophyllum assimile (Mitt.) Steph.	7	2	5	6	2	C
Anastrophyllum michauxii (F. Web.) Buch	4	3	7	6	2	C
Anastrophyllum saxicola (Schrad.) Schuster	8	3	6	5	3	C
Andreaea alpina Hedw.	2	2	3	8	6	C
Andreaea blyttii Schimp.	9	1	4	7	1	C
Andreaea crassinervia Bruch	8	2	5	7	1	C,(A)
Andreaea frigida Hueb.	8	1	6	8	1	C, A
Andreaea heinemannii Hampe & C. Muell. (angustata)	7	2	2	3	1	C
Andreaea nivalis Hook.	8	1	4	8	2	C
Andreaea rothii Web. & Mohr. ssp. rothii	6	3	3	4	2	C
Andreaea rothii ssp. falcata (Schimp.) Lindb. (huntii)	7	3	3	2	1	C
Andreaea rupestris Hedw. var. rupestris	8	2	6	2	1	C
Andreaea rupestris var. alpestris (Thed.) Sharp	6	1	6	6	1	C
Andreaea rupestris var. papillosa (Lindb.) Podp.	8	1	4	2	1	C
Aneura pinguis (L.) Dum. (Riccardia)	8	x	5	8	7	H
Anoectangium aestivum (Hedw.) Mitt.	5	2	5	7	6	C
Anoectangium hornschuchianum (Hook.) Funck	3	1	7	7	8	C
Anoectangium schliephackei (Limpr.) Par.	?	1	6	7	7	C
Anoectangium sendtnerianum B., S. & G.	6	2	7	7	8	C
Anoectangium taeniatifolium (Herz.) M. Hill	8	2	7	7	7	C
Anoectangium tenuinerve (Limpr.) Par.	5	2	7	7	6	C
Anomobryum julaceum (G., M. & S.) Schimp. var. julaceum (filiforme)	4	3	4	7	3	C
Anomobryum julaceum var. concinnatum (Spruce) Zett.	3	2	6	3	4	C
Anomodon attenuatus (Hedw.) Hueb.	5	5	7	5	7	C,(E)
Anomodon longifolius (Brid.) Hartm.	4	3	6	5	8	C, E
Anomodon rostratus (Hedw.) Schimp.	5	8	7	5	7	C
Anomodon rugelii (C. Muell.) Keissl.	3	3	7	4	7	C,(E)
Anomodon viticulosus (Hedw.) Hook. & Tayl.	4	3	5	4	8	C, E
Anthelia julacea (L.) Dum.	8	1	6	8	x	C
Anthelia juratzkana (Limpr.) Trev.	9	1	6	7	x	C
Anthoceros agrestis Paton (punctatus var. cavernosus)	9	5	5	7	4	T,(H)
Anthoceros neesii Prosk.	8	7	7	7	4	T, H
Anthoceros punctatus L. (husnotii)	7	6	3	8	4	H, T
Antitrichia californica Sull.	5	9	5	4	7	C
Antitrichia curtipendula (Hedw.) Brid. fo. curtipendula	6	3	4	4	6	C, E
Aongstroemia longipes (Somm.) B., S. & G.	9	1	4	7	1	C
Aphanolejeunea microscopica (Tayl.) Evans	4	6	1	6	2	H,(E)
Aphanorhegma patens (Hedw.) Lindb.	8	5	5	7	6	T
Apometzgeria pubescens (Schrank) Kuwah.	4	3	6	6	8	H, E
Archidium alternifolium (Hedw.) Schimp.	7	5	3	7	3	T
Arctoa fulvella (Dicks.) B., S. & G.	4	1	6	6	2	C
Arnellia fennica (Gott.) Lindb.	7	1	7	6	7	C
Aschisma carniolicum (Web. & Mohr) Lindb.	9	9	6	7	5	T
Asterella gracilis (F. Web.) Underw. (F. ludwigii)	9	2	7	2	5	H
Asterella lindenbergiana (Corda ex Nees) H. Arn.	9	2	7	7	5	H
Asterella saccata (Wahlenb.) Nees	9	7	8	2	7	H
Athalamya hyalina (Sommerf.) Hattori var. hyalina	9	x	7	2	7	H
Athalamya hyalina var. suecica (Lindb.) Hattori	9	x	7	2	7	H
Atrichum angustatum (Brid.) B. & S.	6	5	5	6	4	H
Atrichum tenellum (Roehl.) B. & S.	6	3	5	6	4	H
Atrichum undulatum (Hedw.) P. Beauv. var. undulatum	6	x	5	6	4	H
Atrichum undulatum var. gracilisetum Besch. (haussknechtii)	6	2	6	6	4	H
Aulacomnium androgynum (Hedw.) Schwaegr.	4	4	5	5	2	C,(E)
Aulacomnium palustre (Hedw.) Schwaegr. var. palustre	7	2	6	7	3	C
Aulacomnium palustre var. imbricatum B. & S.	8	1	6	2	3	C
Aulacomnium turgidum (Wahlenb.) Schwaegr.	9	1	6	4	1	C
Barbilophozia atlantica (Kaal.) K. Muell.	5	2	4	4	2	C
Barbilophozia attenuata (Mart.) Loeske	7	3	5	6	2	C
Barbilophozia barbata (Schmid. ex Schreb.) Loeske	7	3	6	4	5	C
Barbilophozia floerkei (Web. & Mohr) Loeske	7	2	6	6	2	C
Barbilophozia hatcheri (Evans) Loeske	6	2	6	6	2	C
Barbilophozia kunzeana (Hueb.) K. Muell.	9	2	6	8	2	C
Barbilophozia lycopodioides (Wallr.) Loeske	5	2	6	6	3	C
Barbilophozia quadriloba (Lindb.) Loeske	8	1	6	7	6	C
Barbula bicolor (B., S. & G.) Lindb.	5	1	5	6	9	C
Barbula convoluta Hedw. var. convoluta	8	x	5	3	7	C
Barbula convoluta var. commutata (Jur.) Husn.	9	6	5	4	9	C
Barbula crocea (Brid.) Web. & Mohr	4	1	3	7	9	C
Barbula ehrenbergii (Lor.) Fleischer (Hydrogonium)	8	9	6	8	8	C, A
Barbula enderesii Garov.	7	3	6	5	9	C
Barbula indica (Hook.) Zander	8	9	7	6	7	C
Barbula unguiculata Hedw.	7	x	5	2	7	C
Bartramia halleriana Hedw. D116	4	3	6	6	5	C
Bartramia ithyphylla Brid. var. ithyphylla	6	2	6	4	4	C
Bartramia ithyphylla var. breviseta (Lindb.) Kindb. (+ strigosa)	7	1	6	4	4	C
Bartramia pomiformis Hedw. var. pomiformis	5	3	6	5	4	C
Bartramia pomiformis var. elongata Turn.	4	3	6	6	4	C
Bartramia stricta Brid.	5	8	4	3	4	C
Bartramia subulata B., S. & G.	8	1	7	4	2	C
Bazzania flaccida (Dum.) Grolle (denudata auct.)	4	4	7	6	2	C, E
Bazzania tricrenata (Wahlenb.) Lindb.	5	2	6	6	5	C
Bazzania trilobata (L.) S. Gray var. trilobata	5	4	6	6	2	C, H
Bazzania trilobata var. depauperata (K. Muell.) Grolle	4	5	6	5	1	C
Blasia pusilla L.	8	3	6	8	4	H
Blepharostoma trichophyllum (L.) Dum. ssp. trichophyllum	4	3	6	6	3	C
Blepharostoma trichophyllum ssp. brevirete (Bryhn & Kaal.) Schust.	8	1	6	6	2	C
Blindia acuta (Hedw.) B., S. & G.	4	2	6	8	5	C
Blindia caespiticia (Web. & Mohr) C. Muell.	5	1	6	5	6	C
Brachydontium trichodes (Web.) Milde	2	4	4	6	3	C
Brachythecium albicans (Hedw.) B., S. & G.	9	3	5	2	x	C
Brachythecium campestre (C. Muell.) B., S. & G.	6	4	7	3	5	C
Brachythecium capillaceum (Starke ex Web. & Mohr) Giac.	7	7	5	5	5	C
Brachythecium collinum (C. Muell.) B., S. & G.	8	1	7	3	4	C
Brachythecium curtum (Lindb.) J. Lange & C. Jens. (oedipodium)	3	4	7	6	3	E, C
Brachythecium erythrorrhizon B., S. & G.	8	1	6	7	6	C
Brachythecium glaciale B., S. & G.	8	1	6	8	2	C
Brachythecium glareosum (Spruce) B., S. & G. var. glareosum	4	3	5	5	8	C
Brachythecium glareosum var. alpinum (De Not.) Limpr.	9	1	6	6	7	C
Brachythecium latifolium Kindb.	9	1	7	8	2	C
Brachythecium mildeanum (Schimp.) Schimp. ex Milde	8	4	5	7	6	C
Brachythecium oxycladum (Brid.) Jaeg. (laetum)	4	7	7	4	8	C
Brachythecium plumosum (Hedw.) B., S. & G.	4	3	4	7	6	C,(A,E)
Brachythecium populeum (Hedw.) B., S. & G. var. populeum	4	3	5	3	6	C,(E)
Brachythecium populeum var. amoenum (Milde) Limpr.	4	3	5	3	7	C
Brachythecium reflexum (Starke ex Web. & Mohr) B., S. & G.	4	2	6	5	4	C,(E)
Brachythecium rivulare B., S. & G.	x	3	5	7	6	C, A
Brachythecium rutabulum (Hedw.) B., S. & G. var. rutabulum	5	x	5	4	x	C,(E)
Brachythecium rutabulum var. flavescens B., S. & G.	5	3	5	4	x	C
Brachythecium rutabulum var. turgescens Limpr.	6	5	6	4	x	C
Brachythecium salebrosum (Web. & Mohr) B., S. & G. var. salebrosum	6	4	5	4	6	C
Brachythecium salebrosum var. vineale (Milde) Podp.	8	9	7	4	5	C
Brachythecium starkei (Brid.) B., S. & G. var. starkei	6	1	6	6	2	C,(E)
Brachythecium starkei var. tromsoense (Kaur. & Arn.) Nyh.	6	1	6	6	2	C
Brachythecium trachypodium (Brid.) B., S. & G.	4	1	7	5	6	C
Brachythecium turgidum (C. Hartm.) Kindb.	9	1	7	7	7	C
Brachythecium velutinum (Hedw.) B., S. & G. var. velutinum	5	3	5	4	6	C,(E)
Brachythecium velutinum var. salicinum (B., S. & G.) Moenk.	6	7	6	4	6	C,(E)
Brachythecium velutinum var. vagans (Milde) Warnst.	5	3	7	4	5	C
Braunia alopecura (Brid.) Limpr.	8	9	6	4	5	C
Breutelia chrysocoma (Hedw.) Lindb.	8	4	2	7	1	C
Brotherella lorentziana (Mol. ex Lor.) Loeske	3	5	7	6	6	C
Bruchia flexuosa (Sw. ex Schwaegr.) C. Muell. (trobasiana)	6	9	7	5	6	T
Bruchia vogesiaca Schwaegr.	7	7	3	7	1	T
Bryoerythrophyllum alpigenum (Vent.) Chen	4	2	7	7	8	C
Bryoerythrophyllum ferruginascens (Stirt.) Giac.	4	4	3	6	8	C
Bryoerythrophyllum recurvirostrum (Hedw.) Chen	5	3	5	5	7	C,(E)
Bryoerythrophyllum rubrum (Jur. ex Geh.) Chen	2	1	7	6	9	C
Bryum algovicum Sendt. ex C. Muell. var. algovicum (pendulum)	8	3	5	6	8	C
Bryum algovicum var. compactum (Hornsch.) comb. nov.	9	1	6	6	8	C
Bryum alpinum Huds. ex With.	8	x	4	7	4	C,(A)
Bryum archangelicum B., S. & G.	8	1	7	3	8	C
Bryum arcticum (R. Br.) B., S. & G. ssp. arcticum	8	1	6	5	7	C
Bryum arcticum ssp. watzmannii (H. Winter) Amann	8	1	6	5	7	C
Bryum argenteum Hedw.	7	x	x	x	6	C
Bryum bicolor Dicks. (barnesii)	8	6	5	6	5	C
Bryum blindii B., S. & G.	9	2	7	6	5	C
Bryum bornholmense Winkelmann & Ruthe	5	5	6	4	x	C
Bryum caespiticium Hedw. var. caespiticium	8	x	5	5	6	C
Bryum caespiticium var. badium Brid.	9	3	5	6	8	C
Bryum calophyllum R. Br.	9	2	6	6	7	C
Bryum canariense Brid. var. provinciale (Philib.) Husm.	5	9	5	4	8	C
Bryum capillare Hedw.	5	x	5	5	6	C,(E)
Bryum capillare var. platyloma (Schwaegr.) Schimp.	4	6	7	6	7	C
Bryum comense Schimp.	8	2	6	2	5	C
Bryum creberrimum Tayl. (cuspidatum)	6	x	6	x	7	C
Bryum cryophilum Mart.	8	1	7	7	?	C
Bryum cyclophyllum (Schwaegr.) B. & S. (tortifolium)	9	2	8	8	1	C
Bryum demaretianum Arts	6	6	2	5	3	C
Bryum donianum Grev.	4	6	4	4	x	C
Bryum dunense A. J. E. Smith & Whiteh.	9	4	3	5	5	C
Bryum elegans Nees ex Brid.	7	x	?	5	8	C
Bryum funckii Schwaegr.	9	5	7	2	9	C
Bryum gemmiferum Wilcz. & Demar.	9	6	3	7	5	C
Bryum gemmilucens Wilcz. & Demar.	8	6	4	6	5	C
Bryum gemmiparum De Not. (geheebii, gerwigii)	8	8	4	8	8	C, A
Bryum inclinatum (Brid.) Bland. var. incl. (amblyodon)	8	x	5	5	7	C
Bryum inclinatum var. litorum (Bomanss.) Podp.	9	5	3	6	6	C
Bryum intermedium (Brid.) Bland.	8	4	6	6	7	C
Bryum klinggraeffii Schimp. ex Klinggr.	8	6	4	7	x	C
Bryum knowltonii Barnes var. knowltonii	8	2	6	7	6	C
Bryum knowltonii var. ammophilum (Ruthe) Podp.	8	3	7	7	6	C
Bryum knowltonii var. planioperculatum (Warnst.) Podp.	8	3	7	7	6	C
Bryum kunzei Hornsch.	9	5	5	2	7	C
Bryum laevifilum Syed (flaccidum = subelegans)	5	5	5	5	6	C, E
Bryum longisetum Bland. ex Schwaegr.	8	2	7	8	1	C
Bryum mamillatum Lindb.	9	5	3	7	5	C
Bryum marratii Hook. f. & Wils.	9	3	3	7	5	C
Bryum mildeanum Jur.	7	3	4	7	6	C
Bryum muehlenbeckii B., S. & G.	7	2	6	8	2	C
Bryum muehlenbeckii var. abduanum (Rota) Podp.	8	2	7	7	2	C
Bryum neodamense Itzig. ex C. Muell.	9	2	6	8	8	C
Bryum oblongum Lindb.	9	2	7	7	7	C
Bryum oeneum Blytt	9	1	7	8	?	C
Bryum pallens (Brid.) Sw. ex Roehl. var. pallens	7	3	6	7	7	C
Bryum pallens var. alpinum (B., S. & G.) Podp.	9	1	6	7	7	C
Bryum pallescens Schleich. ex Schwaegr.	7	x	5	4	7	C
Bryum pallescens ssp. subrotundum (Brid.) Amann	9	1	7	5	7	C
Bryum pseudotriquetrum (Hedw.) G., M. & S. var. pseud.	7	x	5	7	7	C
Bryum pseudotriquetrum var. bimoideum (De Not.) Moenk.	8	2	7	7	7	C
Bryum pseudotriquetrum var. bimum (Schreb. ex Hedw.) Lilj.	8	x	5	7	7	C
Bryum pseudotriquetrum var. duvalioides (Itzig.) Itzig.	5	x	5	7	7	C
Bryum purpurascens (R. Br.) B., S. & G.	9	1	7	7	?	C
Bryum radiculosum Brid. (murale)+D26	9	6	4	2	7	C
Bryum rubens Mitt.	8	6	5	5	x	C
Bryum ruderale Crundw. & Nyh.	8	6	3	6	7	C
Bryum salinum I. Hag. ex Limpr.	9	2	2	7	6	C
Bryum sauteri B., S. & G.	8	3	4	6	6	C
Bryum schleicheri Schwaegr. var. schleicheri	9	2	7	8	6	C
Bryum schleicheri var. latifolium (Schwaegr.) Schimp.	9	2	6	8	6	C
Bryum stirtonii Schimp.	4	2	4	6	6	C
Bryum subapiculatum Hampe (microerythrocarpum)	9	4	3	6	4	C
Bryum subneodamense Kindb.	9	1	7	8	8	C
Bryum tenuisetum Limpr.	8	4	3	6	4	C
Bryum torquescens B. & S.	8	6	4	3	7	C
Bryum turbinatum (Hedw.) Turn.	8	x	5	8	6	C
Bryum uliginosum (Brid.) B. & S.	9	2	6	7	7	C
Bryum veronense De Not.	9	2	7	8	3	C, A
Bryum versicolor A. Br. ex B. & S.	9	7	4	7	7	C
Bryum violaceum Crundw. & Nyh.	9	5	3	6	7	C
Bryum warneum (Roehl.) Bland. ex Brid.	9	3	3	6	5	C
Bryum weigelii Spreng.	8	2	6	8	4	C
Bryum wrightii Sull. et Lesq.	9	1	8	6	8	C
Buxbaumia aphylla Hedw.	7	3	6	5	2	T
Buxbaumia viridis (Moug. ex Lam. & Dc.) Brid. ex Moug. & Nestl.	2	4	6	6	5	T
Callialaria curvicaulis (Jur.) Ochyra	9	1	6	7	7	C
Callicladium haldanianum (Grev.) Crum	6	4	7	6	2	C
Calliergon cordifolium (Hedw.) Kindb.	7	4	6	8	4	C
Calliergon giganteum (Schimp.) Kindb.	8	3	5	8	8	C
Calliergon megalophyllum Mik.	9	2	7	9	8	C
Calliergon richardsonii (Mitt.) Kindb. ex Warnst.	6	2	7	8	4	C
Calliergon sarmentosum (Wahlenb.) Kindb.	9	1	6	9	3	C
Calliergon stramineum (Brid.) Kindb.	8	2	6	8	2	C
Calliergon trifarium (Web. & Mohr) Kindb.	8	2	6	8	9	C
Calliergonella cuspidata (Hedw.) Loeske	8	3	5	7	7	C
Calypogeia arguta Nees & Mont.	3	6	3	6	5	H
Calypogeia azurea Stotler & Crotz (trichomanis)	4	3	6	6	3	H
Calypogeia fissa (L.) Raddi	4	4	4	5	3	H
Calypogeia integristipula Steph.	4	3	5	6	2	H
Calypogeia muelleriana (Schiffn.) K. Muell.	5	3	6	5	3	H
Calypogeia neesiana (Mass. & Carest.) K. Muell.	5	3	6	6	1	H
Calypogeia sphagnicola (H. Arn. & J. Perss.) Warnst. & Loeske	8	3	4	8	2	H
Calypogeia suecica (H. Arn. & J. Perss.) K. Muell.	4	3	4	6	2	H
Campylium calcareum Crundw. & Nyh. (polymorphum)	4	5	5	4	8	C
Campylium chrysophyllum (Brid.) J. Lange	9	2	6	2	8	C
Campylium elodes (Lindb.) Kindb.	8	4	5	7	9	C, H
Campylium halleri (Hedw.) Lindb.	7	2	6	6	9	C
Campylium polygamum (B. & S.) C. Jens. ex J. Lange	8	2	6	8	4	C
Campylium polygamum var. minus (Schimp.) G. Roth	8	3	7	7	4	C
Campylium stellatum (Hedw.) C. Jens. ex J. Lange var. stellatum	8	2	6	7	7	C
Campylium stellatum var. protensum (Brid.) Bryhn ex Grout	8	3	6	6	9	C
Campylopus atrovirens De Not.	8	8	2	5	1	C
Campylopus brevipilus B., S. & G.	8	6	2	6	1	C
Campylopus flexuosus (Hedw.) Brid.	7	4	3	6	1	C
Campylopus fragilis (Brid.) B., S. & G.	7	4	3	6	2	C
Campylopus introflexus (Hedw.) Brid.	8	6	3	2	2	C
Campylopus oerstedianus (C. Muell.) Mitt. (mildei)	8	9	3	2	2	C
Campylopus pilifer Brid. (polytrichoides)	9	8	3	2	1	C
Campylopus pyriformis (K. F. Schultz) Brid.	8	4	3	5	1	C
Campylopus schimperi Milde ex Schimp.	8	1	6	4	1	C
Campylopus schwarzii Schimp.	7	1	5	6	2	C
Campylopus subulatus Schimp. ex Milde	9	3	2	4	2	C
Campylostelium saxicola (Web. & Mohr) B., S. & G.	3	7	3	6	1	C
Catoscopium nigritum (Hedw.) Brid.	9	2	6	8	9	C
Cephalozia ambigua Mass.	9	1	6	7	1	C
Cephalozia bicuspidata (L.) Dum. var. bicuspidata	5	x	5	5	3	C
Cephalozia bicuspidata var. lammersiana (Hueb.) Breidl.	x	3	5	7	2	C
Cephalozia catenulata (Hueb.) Lindb.	5	4	4	6	2	C
Cephalozia connivens (Dicks.) Lindb.	x	3	4	7	1	C
Cephalozia lacinulata Jack ex Spruce	4	3	7	6	1	C
Cephalozia leucantha Spruce	5	2	5	6	1	C
Cephalozia loitlesbergeri Schiffn.	9	2	6	8	1	C
Cephalozia lunulifolia (Dum.) Dum.	5	3	6	6	2	C
Cephalozia macrostachya Kaal. & Nichols.	8	2	3	7	1	C
Cephalozia pleniceps (Aust.) Lindb. var. pleniceps	3	2	6	7	5	C
Cephaloziella arctica Bryhn & Douin	8	1	?	4	2	C
Cephaloziella baumgartneri Schiffn.	6	7	3	5	8	C
Cephaloziella divaricata (Sm.) Schiffn. var. divaricata	9	x	5	2	4	C,(E)
Cephaloziella divaricata var. scabra (M. A. Howe) S. Arn.	8	4	5	2	4	C
Cephaloziella elachista (Jack ex Gott. & Rabenh.) Schiffn.	8	4	4	7	1	C
Cephaloziella elegans (Heeg) Schiffn.	7	3	7	3	4	C
Cephaloziella grimsulana (Jack ex Gott. & Rabenh.) Lacouture	6	1	7	5	5	C
Cephaloziella hampeana (Nees) Schiffn.	8	4	4	3	3	C
Cephaloziella integerrima (Lindb.) Warnst.	8	3	4	6	3	C
Cephaloziella massalongi (Spruce) K. Muell.	5	4	3	6	5	C
Cephaloziella phyllacantha (Mass. & Carest.) K. Muell.	5	3	7	6	5	C
Cephaloziella rubella (Nees) Warnst. var. rubella	8	3	5	3	3	C
Cephaloziella rubella var. sullivantii (Aust.) K. Muell.	5	6	5	6	1	C
Cephaloziella stellulifera (Tayl. ex Spruce) Schiffn.	7	6	4	6	6	C
Cephaloziella subdentata Warnst.	8	2	4	7	1	C
Ceratodon conicus (Hampe ex C. Muell.) Lindb.	9	3	2	5	6	C
Ceratodon purpureus (Hedw.) Brid. var. purpureus	8	x	x	2	x	C,(E)
Ceratodon purpureus var. rotundifolius Berggr. (var. brevifolius)	9	1	7	3	x	C
Ceratodon purpureus var. xanthopus Sull. & Lesq. ex Lesq. & James	8	5	3	2	2	C
Chiloscyphus pallescens (Ehrh. ex Hoffm.) Dum.	5	3	6	8	7	C, A
Chiloscyphus polyanthos (L.) Corda	x	4	6	9	5	C, A
Cinclidium arcticum (B., S. & G.) Schimp.	9	1	8	8	8	H
Cinclidium stygium Sw.	8	2	6	7	8	H
Cinclidotus aquaticus (Hedw.) B. & S.	9	8	6	9	9	C, A
Cinclidotus danubicus Schiffn. & Baumg.	9	7	7	8	7	C, A
Cinclidotus fontinaloides (Hedw.) P. Beauv.	7	4	5	8	8	C, A
Cinclidotus mucronatus (Brid.) Mach. (Dialytrichia)	8	8	4	6	7	C, A, E
Cinclidotus pachylomoides Bizot	7	9	6	7	7	C, A
Cinclidotus riparius (Brid.) Arnott (nigricans)	9	6	7	7	7	C, A
Cirriphyllum cirrosum (Schwaegr. ex Schultes) Grout	7	1	6	6	8	C
Cirriphyllum crassinervium (Tayl. ex Mackay) Loeske & Fleischer	4	5	4	5	8	C
Cirriphyllum germanicum (Grebe) Loeske & Fleischer	5	4	7	5	5	C, E
Cirriphyllum piliferum (Hedw.) Grout	7	3	6	5	6	C
Cirriphyllum reichenbachianum (Hueb.) Wijk & Marg.	3	6	7	3	6	C
Cirriphyllum tenuinerve (Lindb.) Wijk & Marg. (tommasinii)	4	4	7	5	8	C
Cladopodiella fluitans (Nees) Buch	9	2	3	8	1	C,(A)
Cladopodiella francisci (Hook.) Buch ex Joerg.	9	2	3	7	1	C
Clasmatodon parvulus (Hampe) Sull.	5	8	7	6	6	C
Climacium dendroides (Hedw.) Web. & Mohr	7	3	5	6	5	C
Cnestrum schistii (Web. & Mohr) I. Hag.	9	2	7	4	5	C
Cololejeunea calcarea (Libert) Schiffn.	4	3	4	7	9	C, H,(E)
Cololejeunea minutissima (Sm.) Schiffn.	7	7	2	5	6	C, E, H
Cololejeunea rossettiana (Mass.) Schiffn.	4	6	5	6	9	C, H
Conardia compacta (C.Muell.) Robinson	3	3	5	5	8	C
Conocephalum conicum (L.) Underw.	7	3	6	7	7	H
Conostomum tetragonum (Hedw.) Lindb.	6	1	6	7	2	C
Corsinia coriandrina (Spreng.) Lindb.	8	9	5	7	5	H
Coscinodon cribrosus (Hedw.) Spruce (humilis)+D347	9	2	6	1	1	C
Cratoneuron commutatum (Hedw.) G. Roth var. commutatum	8	x	5	8	8	C
Cratoneuron commutatum var. falcatum (Brid.) Moenk.	8	3	5	8	6	C, (A)
Cratoneuron commutatum var. fluctuans (B., S. & G.) Wijk & Marg.	8	3	5	9	8	C, A
Cratoneuron commutatum var. sulcatum (Lindb.) Moenk.	9	1	6	7	7	C
Cratoneuron decipiens (De Not.) Loeske	8	1	2	7	7	C
Cratoneuron filicinum (Hedw.) Spruce var. filicinum	7	x	5	7	7	C
Cratoneuron filicinum var. atrovirens (Brid.) Ochyra (fallax)	7	x	5	9	6	C, A
Crossidium crassinerve (De Not.) Jur.	9	8	6	2	8	T
Crossidium squamiferum (Viv.) Jur. var. squamiferum	9	8	6	1	8	C
Crossidium squamiferum var. pottioideum (De Not.) Moenk.	9	8	7	1	8	C
Cryphaea heteromalla (Hedw.) Mohr	7	6	4	4	6	C, E
Cryptothallus mirabilis v. Malmborg	x	3	5	7	2	C
Ctenidium molluscum (Hedw.) Mitt. var. molluscum	5	4	5	4	8	C
Ctenidium molluscum var. condensatum (Schimp.) Britt.	6	4	5	4	7	C
Ctenidium molluscum var. robustum (Mol.) Boul. ex Braithw. (procerum)	3	2	3	8	6	C
Ctenidium procerrimum (Mol.) Lindb.	6	2	4	6	8	C
Cynodontium fallax Limpr.	5	1	6	6	2	C
Cynodontium gracilescens (Web. & Mohr) Schimp.	4	3	7	6	2	C
Cynodontium jenneri (Schimp.) Stirt. (laxirete)+D367	4	3	2	6	1	C
Cynodontium polycarpon (Hedw.) Schimp. var. polycarpon	6	2	6	4	2	C
Cynodontium polycarpon var. strumiferum (Hedw.) Lindb.	9	3	6	3	2	C
Cynodontium tenellum (B., S. & G.) Limpr. (alpestre)	3	2	6	5	2	C
Cyrtomnium hymenophylloides (Hueb.) Nyh. ex T. Kop.	2	1	7	6	9	H
Desmatodon cernuus (Hueb.) B. & S.	6	2	6	6	9	C
Desmatodon guepinii B. & S.	9	7	3	2	5	C
Desmatodon heimii (Hedw.) Mitt. (Pottia)	9	x	4	6	7	T
Desmatodon latifolius (Hedw.) Brid. (incl. var.)	9	1	7	2	7	C
Desmatodon laureri (K. F. Schultz) B. et S.	8	1	7	5	5	C
Desmatodon leucostoma (R. Br.) Berggr. (suberectus)	1	1	6	5	7	T
Desmatodon randii (Kenedy) Lazar.	?	6	8	6	?	T
Desmatodon systylius Schimp.	8	1	7	5	8	C
Desmatodon wilczekii Meyl.	6	1	7	3	6	C
Dichelyma capillaceum (With.) Myr.	7	6	7	6	?	C, A
Dichelyma falcatum (Hedw.) Myr.	6	2	8	9	2	C, A
Dichodontium flavescens (With.) Lindb.	5	3	3	8	6	C
Dichodontium pellucidum (Hedw.) Schimp.	5	3	6	7	7	C, A
Dicranella cerviculata (Hedw.) Schimp.	8	3	6	6	1	C
Dicranella crispa (Hedw.) Schimp. (A. vaginale)	8	3	6	7	7	C
Dicranella grevilleana (Brid.) Schimp.	9	1	6	6	4	C
Dicranella heteromalla (Hedw.) Schimp.	5	4	5	4	2	C
Dicranella howei Ren. & Card.	7	9	4	5	6	C
Dicranella humilis Ruthe	8	3	7	7	5	C
Dicranella palustris (Dicks.) Crundw. ex E. Warb. (Diobelon)	8	2	6	8	2	C, A
Dicranella rufescens (Dicks.) Schimp.	7	4	5	7	4	C
Dicranella schreberiana (Hedw.) H. ex C. & A. var. schreberiana	9	3	6	7	7	C
Dicranella schreberiana var. robusta (Schimp. ex Braithw.) Crum & Anders.	8	3	6	8	8	C
Dicranella staphylina H. K. L. Whiteh.	8	5	3	7	5	C
Dicranella subulata (Hedw.) Schimp. (curvata)+D396	6	2	6	5	2	C
Dicranella varia (Hedw.) Schimp. var. varia	8	x	5	7	8	C
Dicranella varia var. calaminaria Card. ex Moenk.	8	7	5	7	8	C
Dicranodontium asperulum (Mitt.) Broth.	2	2	3	7	1	C
Dicranodontium denudatum (Brid.) Britt. ex Williams var. denudatum	4	3	6	6	2	C
Dicranodontium denudatum var. alpinum (Schimp.) Hag.	5	2	6	7	1	C
Dicranodontium uncinatum (Harv.) Jaeg.	3	3	3	7	1	C
Dicranoweisia cirrata (Hedw.) Lindb. ex Milde	7	6	4	5	5	C
Dicranoweisia crispula (Hedw.) Lindb. ex Milde var. crispula	8	1	6	4	4	C
Dicranoweisia crispula var. compacta (Schleich ex Schwaegr.) Lindb.	8	1	7	8	2	C
Dicranoweisia crispula var. intermedia (Amann) Podp.	9	2	7	6	2	C
Dicranum acutifolium (Lindb. & H. Arn.) C. Jens. ex Weim.	?	1	?	?	?	C
Dicranum bergeri Blandow ex Hoppe	9	2	6	6	1	C
Dicranum bonjeanii De Not. (palustre)	8	3	6	7	7	C
Dicranum elongatum Schleich. ex Schwaegr.	7	1	6	6	5	C
Dicranum flagellare Hedw.	6	4	6	5	2	C,(E)
Dicranum fulvum Hook.	4	6	7	4	2	C
Dicranum fuscescens Turn. var. fuscescens	7	2	6	6	2	C
Dicranum fuscescens var. congestum (Brid.) Husn. (flexicaule)	7	2	6	5	2	C
Dicranum groenlandicum Brid.	8	1	7	5	2	C
Dicranum leioneuron Kindb. ex Macoun	9	3	6	7	3	C
Dicranum majus Sm.	5	3	6	6	4	C
Dicranum montanum Hedw.	6	3	6	5	2	C, E
Dicranum muehlenbeckii B., S. & G. var. muehlenbeckii	8	3	7	4	8	C
Dicranum muehlenbeckii var. cirratum (Schimp.) Lindb. ex Norrl.	9	1	7	4	6	C
Dicranum muehlenbeckii var. neglectum (Jur. ex Milde) Pfeff.	8	1	7	6	5	C
Dicranum polysetum Sw.	6	3	6	4	5	C
Dicranum scoparium Hedw.	5	x	5	4	4	C,(E)
Dicranum scottianum Turn. var. scott.	4	4	1	4	4	E, C
Dicranum spurium Hedw.	7	3	6	2	2	C
Dicranum tauricum S.	4	3	6	4	3	C, E
Dicranum viride (Sull. & Lesq.) Lindb.	5	5	7	5	7	C, E
Didymodon acutus (Brid.) Saito var. acutus	9	5	5	1	8	C
Didymodon acutus var. icmadophilus (Schimp. ex Muell.) Zander	8	2	6	7	8	C
Didymodon asperifolius (Mitt.) Crum et al. (rufa)	9	1	7	7	9	C
Didymodon cordatus Jur.	9	8	5	1	8	C
Didymodon fallax (Hedw.) Zander	8	x	6	2	7	C
Didymodon ferrugineus (Schimp. ex Besch.) M. Hill var. ferrugineus	7	4	6	5	8	C
Didymodon ferrugineus var. kneuckeri (Loeske & Osterwald) Duell	7	1	6	4	9	C
Didymodon johansenii (Williams) Crum.	7	1	7	4	9	C
Didymodon luridus Hornsch. ex Spreng. var. luridus (trifarius)	9	6	5	2	8	C
Didymodon luridus var. nicholsonii (Culm.) Loeske	8	8	5	8	6	C, A
Didymodon mamillosus (Crundw.) M. Hill	8	1	3	4	9	C
Didymodon rigidulus Hedw. ssp. rigidulus var. rigidulus	5	3	5	4	7	C
Didymodon rigidulus var. glaucus (Ryan) Wijk & Marg.	1	6	4	6	9	C
Didymodon rigidulus var. validus (Limpr.) Duell	7	2	7	8	8	C
Didymodon rigidulus ssp. andreaeoides (Limpr.) Wijk & Marg.	8	1	7	2	8	C
Didymodon sinuosus (Mitt.) Garov.	6	6	4	5	x	C
Didymodon spadiceus (Mitt.) Limpr.	5	3	5	7	7	C,(A)
Didymodon tophaceus (Brid.) Lisa	7	x	5	7	7	C,(A)
Didymodon vinealis (Brid.) Zander var. vinealis	9	6	5	2	7	C
Didymodon vinealis var. flaccida (Bruch & Schimp.) Zander (cylindrica)	7	5	4	5	7	C
Diphyscium foliosum (Hedw.) Mohr	7	3	4	4	4	T
Diplophyllum albicans (L.) Dum.	4	x	4	4	2	C
Diplophyllum obtusifolium (Hook.) Dum.	6	4	4	7	2	C
Diplophyllum taxifolium (Wahlenb.) Dum.	4	1	6	6	2	C
Discelium nudum (Dicks.) Brid.	8	4	6	7	7	T
Distichium capillaceum (Hedw.) B., S. & G.	4	3	6	5	8	C
Distichium inclinatum (Hedw.) B., S. & G.	5	1	6	6	9	C
Distichophyllum carinatum Dixon & Nichols.	4	5	7	8	8	C
Ditrichum cylindricum (Hedw.) Grout (Trichodon)	8	3	5	6	4	C
Ditrichum flexicaule (Schwaegr.) Hampe var. flexicaule	6	x	6	5	9	C
Ditrichum flexicaule var. longifolium (Zett.) Hag.	5	3	6	6	9	C
Ditrichum heteromallum (Hedw.) Britt.	6	3	6	6	3	C
Ditrichum lineare (Sw.) Lindb.	6	2	4	6	5	C
Ditrichum pallidum (Hedw.) Hampe var. pallidum	6	6	7	5	5	C
Ditrichum plumbicola Crundw.	6	7	3	6	5	C
Ditrichum pusillum (Hedw.) Hampe var. pusillum (tortile)	8	4	5	6	2	C
Ditrichum pusillum var. glaciale (Schimp.) Wijk & Marg.	9	1	7	8	2	C
Ditrichum zonatum (Brid.) Kindb.	8	1	6	6	1	C
Douinia ovata (Dicks.) Buch	5	4	2	5	2	C, E
Drepanocladus aduncus (Hedw.) Warnst. var. aduncus	8	x	5	8	7	C,(A)
Drepanocladus aduncus var. kneiffii (Schimp.) Moenk.	8	3	6	8	7	C
Drepanocladus aduncus var. polycarpus (Bland. ex Voit) G. Roth	8	3	6	7	7	C
Drepanocladus capillifolius (Warnst.) Warnst.	8	3	6	8	7	C
Drepanocladus cossoni (Schimp.) Loeske (intermedius)	9	x	6	7	8	C
Drepanocladus exannulatus (B., S. & G.) Warnst.	9	2	6	8	2	C,(A)
Drepanocladus fluitans (Hedw.) Warnst. var. fluitans	x	x	6	8	1	C, A
Drepanocladus fluitans var. uncatus Crum. et al.	x	x	4	8	1	C,(A)
Drepanocladus lycopodioides (Brid.) Warnst.	9	2	6	8	9	C,(A)
Drepanocladus pseudostramineus (C. Muell.) G. Roth	9	3	7	9	1	C, A
Drepanocladus revolvens (Sw.) Warnst.	9	x	6	7	5	C
Drepanocladus sendtneri (Schimp. ex H. Muell.) Warnst.	9	3	6	8	9	C
Drepanocladus trichophyllus (Warnst.) Podp.	9	1	7	9	2	C, A
Drepanocladus vernicosus (Mitt.) Warnst.	8	2	6	7	5	C
Dryptodon patens (Hedw.) Brid.	9	2	6	4	1	C
Encalypta affinis Hedw. f. (apophysata)	8	1	7	6	7	C
Encalypta affinis ssp. macounii (Austin) Horton	8	2	7	6	7	C
Encalypta alpina Sm.	6	1	6	5	7	C
Encalypta brevipes Schljak.	6	2	7	5	5	C
Encalypta ciliata Hedw.	5	3	6	6	5	C
Encalypta longicolla Bruch	5	1	7	6	9	C
Encalypta microstoma Bals. & De Not.	8	2	7	4	5	C
Encalypta mutica Hag.	8	2	7	5	8	C
Encalypta rhaptocarpa Schwaegr. var. rhaptocarpa (rhabdocarpa)	6	2	6	6	9	C
Encalypta rhaptocarpa var. trachymitria (Rip.) Wijk & Marg.	7	2	7	4	9	C
Encalypta spathulata C. Muell.	5	3	7	6	9	C
Encalypta streptocarpa Hedw.	5	x	5	5	8	C
Encalypta vulgaris Hedw.	9	5	5	4	8	C
Entodon cladorrhizans (Hedw.) C. Muell.	5	5	7	5	5	C,(E)
Entodon concinnus (De Not.) Par.	9	3	4	3	8	C
Entodon schleicheri (Schimp. ex Spruce) Demet.	4	7	7	5	8	C
Entosthodon attenuatus (Dicks.) Bryhn	6	7	3	5	7	T
Entosthodon curvisetus (Schwaegr.) C. Muell.	5	8	5	5	7	T
Entosthodon fascicularis (Hedw.) C. Muell.	8	6	4	6	6	T
Entosthodon hungaricus (Boros) Loeske	9	8	7	7	8	T
Entosthodon obtusus (Hedw.) Lindb.	8	4	3	6	4	T
Ephemerum cohaerens (Hedw.) Hampe	9	8	5	7	5	T
Ephemerum recurvifolium (Dicks.) Boul.	8	6	5	5	7	T
Ephemerum serratum (Hedw.) Hampe var. serratum	7	5	4	6	5	T
Ephemerum serratum var. minutissimum (Lindb.) Grout	7	6	3	6	4	T
Ephemerum serratum var. rutheanum Jur.	8	7	5	6	4	T
Ephemerum sessile (Bruch) C. Muell.	9	7	3	6	6	T
Ephemerum stellatum Philib.	9	7	2	7	5	T
Epipterygium tozeri (Grev.) Lindb.	4	8	3	5	6	C, T
Eremonotus myriocarpus (Carring.) Lindb. & Pears.	5	2	4	8	5	C
Eucladium verticillatum (Brid.) B., S. & G.	5	7	5	7	9	C
Eurhynchium angustirete (Broth.) Kop.	5	4	7	4	7	C
Eurhynchium hians (Hedw.) Sande Lac. var. hians (swartzii)	7	4	5	5	7	C
Eurhynchium hians var. rigidum (Boul.) Duell	4	6	5	6	7	C
Eurhynchium meridionale (B., S. et G.) De Not.	7	8	3	4	7	C
Eurhynchium praelongum (Hedw.) B., S. & G. (stokesii)	6	4	5	6	5	C
Eurhynchium pulchellum (Hedw.) Jenn. var. pulchellum (strigosum)	6	4	6	4	6	C
Eurhynchium pulchellum var. diversifolium (B., S. & G.) C. Jens.	8	2	6	3	6	C
Eurhynchium pulchellum var. praecox (Hedw.) Dixon	8	3	6	4	7	C
Eurhynchium pumilum (Wils.) Schimp. (Rhynchostegiella pallidirostris)	3	7	4	5	8	C
Eurhynchium schleicheri (Hedw. f.) Jur.	5	5	4	4	8	C
Eurhynchium speciosum (Brid.) Jur.	5	7	5	7	6	C
Eurhynchium striatum (Hedw.) Schimp.	5	6	4	5	6	C,(E)
Fabronia ciliaris (Brid.) Brid.	8	8	7	2	3	C,(E)
Fabronia pusilla Raddi	8	9	5	3	5	C, E
Fissidens adianthoides Hedw.	x	3	5	8	7	H
Fissidens arnoldii Ruthe	6	7	7	8	8	H, A
Fissidens bryoides Hedw. var. bryoides	4	x	5	5	6	H
Fissidens bryoides var. gymnandrus (Buse) Ruthe	5	4	7	7	8	H,(A)
Fissidens crassipes B., S. & G. ex Wils. var. crassipes (= var. rufipes)	8	6	4	8	8	H, A
Fissidens crassipes var. philibertii Besch.	6	8	6	8	8	H, A
Fissidens crassipes var. rufipes Schimp.	x	6	6	8	7	H, A
Fissidens cristatus Wils. ex Mitt. (dubius)	x	4	5	4	8	H
Fissidens curnovii Mitt.	4	7	3	8	4	H, A
Fissidens exiguus Sull.	4	8	3	6	6	H, A
Fissidens exilis Hedw.	4	5	5	6	5	H
Fissidens gracilifolius Bruggem.-Nann. (minutulus)	3	4	5	6	9	H
Fissidens grandifrons Brid.	8	8	2	8	9	H, A
Fissidens gymnandrus Buse (bryoides var. g.)	5	4	7	7	8	H
Fissidens incurvus Starke ex Roehl. var. incurvus	4	5	5	6	8	H
Fissidens incurvus var. tamarindifolius (Turn.) Braithw.	4	6	5	6	7	H
Fissidens limbatus Sull. var. limbatus (herzogii)	5	9	4	5	7	H
Fissidens limbatus var. bambergeri (Schimp. ex Milde) Duell	4	8	4	6	8	H
Fissidens monguillonii Ther. (rivularis var. m.)	4	8	2	8	4	H, E,(A)
Fissidens osmundoides Hedw.	x	2	6	8	5	H
Fissidens pusillus (Wils.) Milde	3	4	5	6	6	H,(A)
Fissidens rivularis (Spruce) B., S. & G.	4	7	3	9	8	H, A
Fissidens rufulus B., S. & G.	7	6	3	9	8	H, A
Fissidens taxifolius Hedw.	5	4	5	6	7	H
Fissidens viridulus (Sw.) Wahlenb. var. viridulus	7	5	5	6	8	H
Fontinalis antipyretica Hedw. var. antipyretica	8	x	5	9	6	C, A
Fontinalis antipyretica var. gigantea (Sull. ex Sull. & Lesq.) Sull.	8	4	5	9	7	C, A
Fontinalis antipyretica var. gracilis (Lindb.) Schimp.	8	3	6	9	4	C, A
Fontinalis antipyretica var. kindbergii (Ren. & Card.) Card. (howellii)	x	3	7	9	2	C, A
Fontinalis dalecarlica B. & S. (prageri)	8	2	7	9	5	C, A
Fontinalis hypnoides C. J. Hartm. var. hypnoides	8	3	7	9	5	C, A
Fontinalis hypnoides var. duriaei (Schimp.) Husn.	8	8	7	9	7	C, A
Fontinalis squamosa Hedw.	8	4	4	9	6	C, A
Fossombronia angulosa (Dicks.) Raddi	5	9	3	6	5	H, C
Fossombronia caespitiformis De Not. ex Rabenh.	7	9	3	5	8	T
Fossombronia foveolata Lindb.	8	3	3	8	1	H
Fossombronia incurva Lindb.	7	5	2	6	1	H
Fossombronia pusilla (L.) Nees	7	7	4	7	4	H, T
Fossombronia wondraczekii (Corda) Dum. ex Lindb.	8	5	5	7	4	T
Frullania dilatata (L.) Dum.	8	3	5	4	7	H, E
Frullania fragilifolia (Tayl.) Gott.	7	4	4	5	4	H, E
Frullania inflata Gott.	7	9	7	4	4	H
Frullania jackii Gott.	7	4	7	6	6	H, E
Frullania microphylla (Gott.) Pears.	6	6	1	5	5	H, E
Frullania parvistipula Steph. (caucasica)	6	9	7	6	4	H
Frullania riparia Hampe ex. Lehm.	9	8	7	3	7	H, E
Frullania tamarisci (L.) Dum.	7	3	4	4	5	C, H, E
Funaria convexa Spruce	8	9	5	5	7	T
Funaria hygrometrica Hedw. var. hygrometrica	8	x	5	6	6	T
Funaria hygrometrica var. muralis Hueb.	8	7	x	6	6	T
Funaria microstoma Bruch ex Schimp.	9	6	7	6	6	T
Funaria muhlenbergii Turn. (dentata)	9	6	5	5	8	T
Funaria pulchella Philib. (mediterranea)	8	8	4	5	8	T
Geheebia gigantea (Funck) Boul.	8	2	7	8	8	C
Geocalyx graveolens (Schrad.) Nees	4	3	5	6	3	C
Grimmia affinis Hornsch. (ovata auct.)	9	2	6	1	1	C
Grimmia alpestris (Web. & Mohr) Schleich. ex Hornsch.	9	2	6	1	1	C
Grimmia anodon B. & S.	9	x	5	1	8	C
Grimmia anomala Hampe ex Schimp.	4	2	7	6	2	C
Grimmia atrata Mielichh. ex Hoppe & Hornsch.	3	3	3	8	1	C
Grimmia britannica AJE. Smith (robusta)	7	7	2	4	4	C
Grimmia caespiticia (Brid.) Jur.	7	1	7	6	1	C
Grimmia crinita Brid.	9	8	6	1	8	C
Grimmia decipiens (K. F. Schultz) Lindb.	9	4	4	1	5	C
Grimmia donniana Sm. var. donniana	8	x	4	2	5	C
Grimmia donniana var. curvula Spruce (G. arenaria)	5	4	4	2	4	C
Grimmia donniana var. triformis (Car. & De Not.) Loeske	8	1	6	2	5	C
Grimmia elatior Bruch ex Bals. & De Not.	7	2	?	2	4	C
Grimmia elongata Kaulf.	7	2	6	3	3	C
Grimmia funalis (Schwaegr.) B. & S.	9	2	5	2	1	C
Grimmia hartmanii Schimp.	5	3	5	2	5	C
Grimmia hartmanii var. montenegrina Beck & Szysz.	4	8	8	2	5	C
Grimmia holleri Mol. (apiculata)	7	1	7	7	5	C
Grimmia incurva Schwaegr.	4	2	6	3	1	C
Grimmia laevigata (Brid.) Brid. (campestris)	9	6	4	1	4	C
Grimmia limprichtii Kern	5	2	7	4	5	C
Grimmia montana B. & S.	8	5	4	4	2	C
Grimmia orbicularis Bruch ex Wils.	9	7	5	1	8	C
Grimmia ovalis (Hedw.) Lindb. (commutata)	7	4	6	1	4	C
Grimmia plagiopodia Hedw.	9	3	7	1	6	C
Grimmia pulvinata (Hedw.) Sm. ex Sm. & Sowerby var. pulvinata	8	5	5	1	7	C
Grimmia pulvinata var. africana (Hedw.) Hook. f. & Wils.	1	7	5	1	7	C
Grimmia sessitana De Not.	8	2	7	4	6	C
Grimmia teretinervis Limpr.	9	7	7	1	9	C
Grimmia tergestina Tomm. ex B., S. & G. var. tergestina	9	7	7	1	9	C
Grimmia tergestina var. poecilostoma Card. & Seb.	9	8	7	1	5	C
Grimmia tergestina var. tergestinoides Culm.	9	7	8	1	9	C
Grimmia torquata Hornsch. ex Grev.	4	3	5	8	6	C
Grimmia trichophylla Grev. var. trichophylla	7	5	5	3	5	C
Grimmia trichophylla var. brachycarpa De Not. (G. lisae)	6	8	3	3	6	C
Grimmia trichophylla var. tenuis (Wahlenb.) Wijk & Marg. (G. muehlenbeckii)	7	4	6	3	1	C
Grimmia unicolor Hook.	6	2	6	6	2	C
Gymnocolea acutiloba (Schiffn.) K. Muell.	6	2	6	6	5	C
Gymnocolea inflata (Huds.) Dum. var. inflata	x	2	3	8	1	C,(E)
Gymnocolea inflata var. heterostipa (Carring. & Spruce) K. Muell.	x	2	3	7	1	C
Gymnomitrion apiculatum (Schiffn.) K. Muell.	9	1	6	7	1	C
Gymnomitrion concinnatum (Lightf.) Corda	6	2	6	5	2	C
Gymnomitrion corallioides Nees	7	1	6	5	2	C
Gymnomitrion obtusum (Lindb.) Pears.	7	2	3	5	2	C
Gymnostomum aeruginosum Sm.	4	3	6	7	6	C
Gymnostomum calcareum Nees & Hornsch.	4	7	5	5	9	C
Gymnostomum viridulum (luisieri)	3	8	4	4	9	C
Gyroweisia tenuis (Hedw.) Schimp.	3	6	4	6	7	C
Habrodon perpusillus (De Not.) Lindb.	6	8	3	5	5	C, E
Haplocladium angustifolium (Hampe & C. Muell.) Broth.	7	9	5	4	5	C
Haplocladium microphyllum (Hedw.) Broth.	5	7	8	4	?	C
Haplocladium virginianum (Brid.) Broth.	8	8	7	3	8	C
Haplohymenium triste (Ces. ex De Not.) Kindb.	8	9	7	2	6	C,(E)
Haplomitrium hookeri (Sm.) Nees	9	3	3	7	1	C
Harpalejeunea ovata (Hook.) Schiffn.	4	8	2	6	2	H, E
Harpanthus flotovianus (Nees) Nees	8	2	6	8	1	C
Harpanthus scutatus (Web. & Mohr) Spruce	4	3	3	6	2	C
Hedwigia ciliata (Hedw.) P. Beauv.	9	x	5	2	2	C,(E)
Hedwigia integrifolia P. Beauv. (Hedwigidium)	8	5	1	4	4	C
Hedwigia stellata Hedenaes	9	5	6	2	2	C
Helodium blandowii (Web. & Mohr) Warnst.	8	2	6	8	9	C
Herbertus sendtneri (Nees) Lindb.	5	1	7	5	2	C
Herzogiella seligeri (Brid.) Iwats.	5	4	6	5	4	C,(H)
Herzogiella striatella (Brid.) Iwats.	6	2	6	6	1	C
Heterocladium dimorphum (Brid.) B., S. & G. (squarrosulum)	8	2	6	3	4	C
Heterocladium heteropterum (Brid.) B., S. & G.	3	3	4	7	3	C,(A)
Heterocladium heteropterum var. wulfsbergii (I. Hag.) C. Jens. & Perss.	9	9	1	7	2	C
Heterophyllium affine (Hook. ex Kunth) Fleischer (nemorosum)	4	6	7	6	3	C
Homalia lusitanica Schimp.	4	9	4	6	8	C,(E)
Homalia trichomanoides (Hedw.) B., S. & G.	4	3	5	6	7	C,(E)
Homalothecium aureum (Lag.) Robins.	8	9	7	2	7	C
Homalothecium geheebii (Milde) Wigh (Cirriphyllum)	4	3	7	4	5	C, E
Homalothecium lutescens (Hedw.) Robins. var. lutescens	9	4	5	2	8	C,(E)
Homalothecium lutescens var. fallax (Philib. ex Schimp.) Duell	9	4	5	2	9	C
Homalothecium nitens (Hedw.) Robins. var. nitens (Tomenthypnum)	7	2	6	8	8	C,(E)
Homalothecium nitens var. involutum (Limpr.) Wijk & Marg.	9	1	7	7	8	C
Homalothecium philippeanum (Spruce) B., S. & G.	5	7	8	4	8	C,(E)
Homalothecium sericeum (Hedw.) B., S. & G.	7	3	5	2	7	C,(E)
Homomallium incurvatum (Brid.) Loeske	4	3	6	4	8	C
Hookeria lucens (Hedw.) Sm.	2	3	3	7	6	H
Hydrogrimmia mollis (B., S. et G.) Loeske	8	1	7	9	1	C, A
Hygroamblystegium fluviatile (Hedw.) Loeske	x	3	4	9	5	C, A
Hygroamblystegium tenax (Hedw.) Jenn.	x	x	5	8	6	C, A
Hygrobiella laxifolia (Hook.) Spruce	7	3	6	8	2	C
Hygrohypnum alpestre (Hedw.) Loeske	9	1	7	8	4	C, A
Hygrohypnum cochlearifolium (Vent.) Broth.	9	1	6	8	4	C, A
Hygrohypnum eugyrium (Schimp.) Broth.	5	6	3	8	6	C, A
Hygrohypnum luridum (Hedw.) Jenn. var. luridum	4	3	6	6	7	C,(A)
Hygrohypnum luridum var. subsphaericarpon (Schleich. ex Brid.) C. Jens.	x	4	6	8	7	C, A
Hygrohypnum molle (Hedw.) Loeske var. molle (alpinum, duriusculum)	5	2	4	8	2	C, A
Hygrohypnum norvegicum (B., S. & G.) Amann	9	2	7	9	2	C, A
Hygrohypnum ochraceum (Turn. ex Wils.) Loeske	x	2	6	9	2	C, A
Hygrohypnum polare (Lindb.) Loeske	x	2	6	8	6	C, A
Hygrohypnum smithii (Sw. ex Liljebl.) Broth.	8	2	6	8	2	C, A
Hygrohypnum styriacum (Limpr.) Broth.	9	1	6	8	2	C, A
Hylocomium brevirostre (Brid.) B., S. & G.	5	5	4	5	6	C
Hylocomium pyrenaicum (Spruce) Lindb.	8	2	6	6	5	C
Hylocomium splendens (Hedw.) B., S. & G. var. splendens	6	3	6	4	5	C,(E)
Hylocomium splendens var. alaskanum (Lesq. & James) C. Jens.	9	1	7	4	3	C
Hylocomium umbratum (Hedw.) B., S. & G.	4	2	6	6	3	C
Hymenostylium recurvirostrum (Hedw.) Dixon	4	2	6	8	9	C
Hyocomium amoricum (Brid.) Wijk & Marg. (flagellare)	5	4	2	7	5	C
Hyophila involuta (Hook.) Jaeg. & Sauerb.	8	8	6	8	9	C, A
Hypnum bambergeri Schimp.	8	1	6	5	8	C
Hypnum callichroum Brid.	5	1	6	7	6	C
Hypnum cupressiforme Hedw. ssp. cupr. var. cupressiforme	5	x	5	4	4	C, E
Hypnum cupressiforme var. filiforme Brid.	4	x	5	5	x	C, E
Hypnum cupressiforme var. lacunosum Brid. (tectorum)	8	4	5	2	6	C
Hypnum cupressiforme var. subjulaceum Mol. (imbricatum)	7	2	7	5	4	C,(E)
Hypnum cupressiforme ssp. resupinatum (Tayl. ex Spruce) C. Hartm.	6	5	4	5	4	C, E
Hypnum fertile Sendtner	3	4	7	6	2	C
Hypnum hamulosum B., S. & G.	8	1	6	6	6	C
Hypnum heseleri Ando & Higuchi	7	7	6	5	5	C, E
Hypnum imponens Hedw.	8	3	4	7	1	C
Hypnum jutlandicum Holmen & Warncke (ericetorum)	7	3	4	2	2	C
Hypnum lindbergii Mitt. (Callieronella l.)	8	3	6	7	6	C
Hypnum mamillatum (Brid.) Loeske (andoi)	3	4	3	6	3	C, E
Hypnum pallescens (Hedw.) P. Beauv. (reptile)	5	4	7	5	2	C, E
Hypnum pratense Koch ex Spruce (Breidleria pratensis)	8	2	7	7	8	C
Hypnum recurvatum (Lindb. & S. Arn.) Kindb. (fastigiatum)	7	2	7	4	8	C
Hypnum revolutum (Mitt.) Lindb. var. revolutum	4	1	6	6	6	C
Hypnum revolutum var. dolomiticum (Milde) Moenk.	4	2	7	5	9	C
Hypnum sauteri Schimp.	5	2	7	5	9	C
Hypnum vaucheri Lesq.	8	1	6	3	8	C
Isopterygiopsis muelleriana (Schimp.) Iwats.	2	2	4	5	8	H
Isopterygium elegans (Brid.) Lindb.	4	4	4	5	4	H,(E)
Isopterygium pulchellum (Hedw.) Jaeg. & Sauerb. var. pulch.	4	2	6	6	8	H
Isopterygium pulchellum var. nitidulum (Wahlenb.) G. Roth	3	2	6	7	3	H
Isothecium alopecuroides (Dubois) Isov. var. alopec. (myurum)	5	4	6	5	6	C, E
Isothecium alopecuroides var. robustum (B., S. & G.) Duell	5	4	7	4	7	C
Isothecium holtii Kindb. (myosuroides var. rivulare)	6	5	2	8	3	C, A
Isothecium myosuroides Brid. var. myosuroides	4	4	4	6	4	C, E,(A)
Isothecium myosuroides var. brevinerve Kindb.	5	4	2	5	3	C
Isothecium striatulum (Spruce) Kindb. (filescens)	3	5	4	4	8	C
Jamesoniella autumnalis (DC.) Steph.	6	4	5	4	1	C,(E)
Jamesoniella undulifolia (Nees) K. Muell.	8	4	3	7	1	C
Jungermannia atrovirens Dum. (Sol. tristis)	5	2	5	7	8	C,(A)
Jungermannia borealis Damsh. & Vana	9	1	6	7	6	C
Jungermannia caespiticia Lindenb.	7	3	4	6	2	C
Jungermannia confertissima Nees (Sol. levieri)	9	1	6	7	2	C
Jungermannia exsertifolia Steph. ssp. cordifolia (Dum.) Vana	7	2	6	9	2	C, A
Jungermannia gracillima Sm. (crenulata)	8	4	5	7	3	C
Jungermannia hyalina Lyell	7	3	5	7	5	C
Jungermannia leiantha Grolle (lanceolata p.p.)	4	3	?	6	1	C, H
Jungermannia obovata Nees	x	2	6	8	5	C
Jungermannia paroica (Schiffn.) Grolle	4	5	2	6	2	C
Jungermannia polaris Lindb.	7	1	6	6	8	C
Jungermannia pumila With.	4	3	4	8	3	C, A
Jungermannia sphaerocarpa Hook.	x	3	6	8	2	C,(A)
Jungermannia subelliptica (Lindb. ex Kaal.) Lev.	6	2	6	6	3	C
Jungermannia subulata Evans	5	6	7	6	1	C, H
Kiaeria blyttii (B., S. et G.) Broth.	8	2	6	4	1	C
Kiaeria falcata (Hedw.) I. Hag.	9	1	6	8	1	C
Kiaeria glacialis (Berggr.) I. Hag.	9	1	6	6	1	C
Kiaeria starkei (Web. & Mohr) I. Hag.	9	1	6	7	1	C
Kurzia pauciflora (Dicks.) Grolle (T. setacea)	9	2	4	8	1	C
Kurzia sylvatica (Evans) Grolle	5	5	3	6	2	C
Kurzia trichoclados (K. Muell.) Grolle	7	4	3	6	2	C
Lejeunea cavifolia (Ehrh.) Lindb. emend. Buch var. cavifolia	5	3	4	6	6	H,(C), E
Lejeunea lamacerina (Steph.) Schiffn.	4	6	1	7	2	H, E
Lejeunea ulicina (Tayl.) Gott. et al. (Microlejeunea)	6	5	3	5	3	H, E
Lepidozia cupressina (Sw.) Lindenb. (pinnata)	4	5	2	6	2	C,(E)
Lepidozia reptans (L.) Dum.	4	3	5	5	2	C, H,(E)
Leptobarbula berica (De Not.) Schimp.	8	8	4	2	9	C
Leptobryum pyriforme (Hedw.) Wils.	x	x	5	6	7	C, T
Leptodon smithii (Hedw.) Web. & Mohr.	8	8	3	4	6	C, E
Leptodontium flexifolium (Dicks ex With.) Hampe	8	5	2	3	1	C
Leptodontium gemmascens (Mitt. ex Hunt) Braithw.	8	6	2	6	2	C
Leptodontium styriacum (Jur. ex Geh.) Limpr.	8	1	7	5	6	C
Lescuraea incurvata (Hedw.) Lawt.	8	2	6	4	7	C,(E)
Lescuraea mutabilis (Brid.) Lindb. ex I. Hag.	8	2	7	5	3	C, E
Lescuraea patens (Lindb.) H. Arn. & C. Jens.	8	1	6	5	?	C
Lescuraea plicata (Web. & Mohr) Broth. (Ptychodium)	8	1	6	4	8	C
Lescuraea radicosa (Mitt.) Moenk. var. radicosa	4	1	7	5	6	C
Lescuraea radicosa var. denudata (Kindb.) Lawt.	5	2	7	5	5	C
Lescuraea saviana (De Not.) Lawt.	7	2	8	5	6	C
Lescuraea saxicola (B., S. et G.) Milde	9	2	6	4	2	C
Leskea polycarpa Hedw.	7	5	5	4	7	C,(A), E
Leucobryum glaucum (Hedw.) Aongstr. ex Fries	5	3	4	7	1	C
Leucobryum juniperoideum (Brid.) C. Muell.	7	4	3	6	2	C
Leucodon sciuroides (Hedw.) Schwaegr. var. sciuroides	8	5	5	4	6	C, E
Leucodon sciuroides var. morensis (Schwaegr.) De Not.	8	8	3	4	6	C, E
Lophocolea bidentata (L.) Dum. (cuspidata)	7	3	5	6	5	C
Lophocolea heterophylla (Schrad.) Dum.	4	3	5	4	3	C, H, E
Lophocolea minor Nees	6	3	7	5	7	C,(E)
Lophozia ascendens (Warnst.) Schust.	4	3	7	6	2	C
Lophozia badensis (Gott.) Schiffn.	x	3	6	7	9	C
Lophozia bantriensis (Hook.) Steph.	7	2	6	8	8	C
Lophozia bicrenata (Schmid. ex Hoffm.) Dum. (Isopaches)	8	x	4	3	2	C, H
Lophozia capitata (Hook.) Macoun	8	5	2	7	2	C
Lophozia collaris (Nees) Dum. (Leiocolea muelleri)	6	3	6	6	9	C
Lophozia decolorans (Limpr.) Steph. (Isopaches)	7	1	7	5	2	C
Lophozia elongata (Lindb. ex Kaal.) Steph.	9	2	7	8	6	C
Lophozia excisa (Dicks.) Dum. var. excisa	7	3	6	5	5	C
Lophozia excisa var. jurensis (Meyl. ex K. Muell.) K. Muell.	9	2	8	8	1	C
Lophozia gillmanii (Aust.) Schust.	6	1	6	8	8	C
Lophozia grandiretis (Lindb. ex Kaal.) Schiffn.	8	1	8	7	2	C
Lophozia guttulata (Lindb. & H. Arn.) Ev.	7	2	6	6	1	C
Lophozia heterocolpos (Thed. ex Hartm.) Howe	4	2	6	6	7	C
Lophozia incisa (Schrad.) Dum.	6	2	6	6	2	C
Lophozia laxa (Lindb.) Grolle (marchica)	8	2	7	8	1	C
Lophozia longidens (Lindb.) Macoun	7	3	6	6	2	C
Lophozia longiflora (Nees) Schiffn.	4	3	6	7	2	C
Lophozia obtusa (Lindb.) Evans	6	2	6	6	3	C
Lophozia opacifolia Culm. ex Meylan	9	1	6	8	4	C
Lophozia perssonii Buch & S. Arn.	4	3	3	5	8	C
Lophozia rutheana (Limpr.) Howe	8	1	6	8	9	C
Lophozia sudetica (Nees ex Hueb.) Grolle	9	3	6	7	2	C
Lophozia turbinata (Raddi) Steph.	4	8	4	6	9	C
Lophozia ventricosa (Dicks.) Dum. var. ventricosa	5	3	6	6	3	C
Lophozia ventricosa var. silvicola (Buch) Jones	5	3	6	6	2	C
Lophozia wenzelii (Nees) Steph.	6	2	6	6	2	C
Lunularia cruciata (L.) Dum. ex. Lindb.	7	8	4	6	6	H
Mannia androgyna (L. emend. Lindb.) Evans	7	9	6	5	6	H
Mannia fragrans (Balbis) Frye & Clark	8	6	7	2	5	H
Mannia pilosa (Hornem.) Frye & Clark	7	2	7	5	7	H
Mannia triandra (Scop.) Grolle (G. rupestris)	6	2	7	6	9	H
Marchantia alpestris (Nees) Burgeff (montivagans)	x	2	4	7	8	H
Marchantia paleacea Bertol.	5	9	6	8	8	H
Marchantia polymorpha L. var. polymorpha (var. ruderalis)	8	x	5	6	5	H
Marchantia polymorpha var. aquatica Nees (var. polymorpha sensu Bischler)	8	2	5	8	5	H
Marchesinia mackaii (Hook.) S. Gray	5	7	2	7	5	H, E
Marsupella adusta (Nees emend. Limpr.) Spruce	9	2	4	5	2	C
Marsupella alpina (Gott. ex Limpr.) H. Bernet	9	2	4	3	2	C
Marsupella badensis Schiffn.	7	1	8	5	2	C
Marsupella boeckii (Aust.) Lindb. ex Kaal.	9	1	4	7	2	C
Marsupella brevissima (Dum.) Grolle (varians)	9	1	6	6	2	C
Marsupella commutata (Limpr.) H. Bernet	8	1	7	4	2	C
Marsupella condensata (Aongstr. ex C. Hartm.) Kaal.	8	1	6	6	2	C
Marsupella emarginata (Ehrh.) Dum. var. emarginata	6	3	5	8	5	C,(A)
Marsupella emarginata var. aquatica (Lindenb.) Dum.	6	3	3	9	5	C, A
Marsupella funckii (Web. & Mohr) Dum.	8	3	5	4	2	C
Marsupella ramosa K. Muell.	8	1	7	4	6	C
Marsupella revoluta (Nees) Dum.	5	1	7	7	2	C
Marsupella sparsifolia (Lindb.) Dum.	7	2	5	5	3	C
Marsupella sphacelata (Gieseke ex Lindenb.) Dum.	8	3	4	7	2	C, (H, A)
Marsupella sprucei (Limpr.) H. Bernet (ustulata)	6	2	6	6	2	C
Meesia hexasticha (Funck) Bruch	9	3	7	8	8	C
Meesia longiseta Hedw.	9	3	7	8	8	C
Meesia triquetra (L. ex Richter) Aongstr.	9	2	6	8	9	C
Meesia uliginosa Hedw. var. uliginosa	x	2	6	7	9	C
Meesia uliginosa var. alpina (Funck ex Bruch) Hampe	9	1	7	7	8	C
Metaneckera menziesii (Hook. ex Drumm.) Steere	4	8	7	4	6	C,(E)
Metzgeria conjugata Lindb.	4	4	4	7	5	H
Metzgeria fruticulosa (Dicks.) Evans	5	5	2	5	5	H, E
Metzgeria furcata (L.) Dum.	5	3	5	4	6	H, E
Metzgeria simplex Lorbeer	5	7	4	6	6	H,(E)
Metzgeria temperata Kuwah.	5	6	2	5	3	H, E
Metzleria alpina (Schimp. ex Milde) I. Hag.	9	1	7	6	1	C
Micromitrium tenerum (B. & S.) Crosby	8	7	3	7	4	T
Mielichhoferia elongata (Hoppe & Hornsch. ex Hook.) Hornsch.	3	1	6	6	1	C
Mielichhoferia mielichhoferiana (Funck ex Hornsch.) Loeske	3	3	4	6	2	C
Mnium ambiguum H. Muell. (marginatum var. dioicum)	6	3	6	6	7	H
Mnium blyttii B., S. & G.	3	1	7	6	8	H
Mnium hornum Hedw.	5	3	4	6	3	H,(E)
Mnium marginatum (With.) Brid. & P. Beauv.	5	2	6	5	8	H,(E)
Mnium spinosum (Voit) Schwaegr.	5	2	6	6	6	H
Mnium spinulosum B., S. & G.	5	7	7	5	6	H
Mnium stellare Hedw.	4	3	6	5	7	H
Mnium thomsonii Schimp. (orthorrhynchum)	5	2	6	6	7	H
Moerckia blyttii (Moerch) Brock.	8	2	4	8	2	H
Moerckia hibernica (Hook.) Gott.	7	3	6	7	8	H
Mylia anomala (Hook.) S. Gray	8	2	6	8	1	C
Mylia taylorii (Hook.) S. Gray	7	2	3	6	1	C
Myurella julacea (Schwaegr.) B., S. & G.	4	2	6	6	8	C
Myurella sibirica (C. Muell.) Reim.	3	2	8	6	8	C
Myurella tenerrima (Brid.) Lind.	5	1	6	6	9	C
Myrinia pulvinata (Wahlenb.) Schimp.	7	3	3	5	7	C, E
Nardia breidleri (Limpr.) Lindb.	8	1	6	7	2	C
Nardia compressa (Hook.) S. Gray	x	3	3	9	2	C, A
Nardia geoscyphus (De Not.) Lindb.	8	2	6	6	2	C,(H)
Nardia insecta Lindb.	4	5	6	7	2	C,(H)
Nardia scalaris (Hook.) S. Gray	8	3	5	6	4	C,(H)
Neckera besseri (Lobarz.) Jur.	4	3	7	5	9	C,(E)
Neckera complanata (Hedw.) Hueb.	4	3	5	4	7	C, E
Neckera crispa Hedw.	3	3	5	4	7	C, E
Neckera oligocarpa Bruch	4	2	6	5	6	C
Neckera pennata Hedw.	5	4	6	5	6	C, E
Neckera pumila Hedw.	5	3	4	5	5	C, E
Notothylas orbicularis (Schwein.) Sull.	8	8	8	6	5	H, T
Nowellia curvifolia (Dicks.) Mitt.	5	4	4	6	1	H
Ochyraea tatrensis Vana	5	3	7	8	5	C, A
Octodiceras fontanum (B.-Pyl.) Lindb.	7	6	5	9	4	(H), A
Odontoschisma denudatum (Nees.) Dum.	5	4	4	6	1	H
Odontoschisma elongatum (Lindb.) Evans	8	1	6	7	1	H
Odontoschisma macounii (Aust.) Underw.	8	1	6	7	8	H
Odontoschisma sphagni (Dicks.) Dum.	9	2	4	7	1	H
Oligotrichum hercynicum (Hedw.) Lam. & DC.	7	5	6	4	2	H
Oncophorus virens (Hedw.) Brid.	7	1	6	6	1	C
Oncophorus wahlenbergii Brid.	5	1	6	7	1	C
Oreas martiana (Hoppe & Hornsch.) Brid.	8	1	7	6	2	C
Oreoweisia bruntonii (Sm.) Milde (Cynodontium)	4	4	4	3	2	C
Oreoweisia torquescens (Brid.) Wijk & Marg.	7	1	7	6	1	C
Orthodontium lineare Schwaegr.	4	6	3	5	2	C
Orthothecium chryseon (Schwaegr. ex Schultes) B., S. & G.	8	1	7	5	6	C
Orthothecium intricatum (C. Hartm.) B., S. & G.	3	1	6	6	8	C
Orthothecium rufescens (Schwaegr.) B., S. & G.	8	2	6	7	8	C
Orthothecium strictum Lor.	4	1	7	5	7	C
Orthotrichum acuminatum Philib.D931	9	9	6	4	6	C, E
Orthotrichum affine Brid. var. affine	8	4	5	4	6	C, E
Orthotrichum affine var. fastigiatum (Brid.) Hueb.	9	4	5	3	6	E, C
Orthotrichum alpestre Hornsch. ex B., S. & G.	9	1	7	2	8	C, E
Orthotrichum anomalum Hedw.	9	3	5	2	8	C,(E)
Orthotrichum consimile Mitt. (winteri)	4	7	2	5	5	C, E
Orthotrichum cupulatum Brid. var. cupulatum	9	3	5	2	8	C,(E)
Orthotrichum cupulatum var. riparium Hueb. (O. nudum)	8	5	4	8	6	A, C
Orthotrichum cupulatum var. sardagnanuum (Vent.) Vent.	9	8	4	1	8	C
Orthotrichum diaphanum Brid.	8	6	5	2	6	C, E
Orthotrichum gymnostomum Bruch ex Brid.	7	3	6	3	6	C, E
Orthotrichum limprichtii I. Hag. (perforatum)	x	2	7	x	8	C
Orthotrichum lyellii Hook. & Tayl.	7	4	4	4	5	C, E
Orthotrichum microcarpum De Not.	5	7	5	?	5	C, E
Orthotrichum obtusifolium Brid.	7	2	6	4	8	C, E
Orthotrichum pallens Bruch ex Brid. var. pallens	4	2	6	4	5	C, E
Orthotrichum pallens var. paradoxum (Groenv.) Duell	8	2	6	2	5	C
Orthotrichum patens Bruch ex Brid.	6	4	7	4	6	C, E
Orthotrichum pulchellum Brunt.	8	6	2	3	5	C, E
Orthotrichum pumilum Sw.	8	4	5	4	7	C, E
Orthotrichum pylaisii Brid.	9	1	7	2	x	C
Orthotrichum rivulare Turn.	x	5	2	8	2	C, A
Orthotrichum rogeri Brid.	7	3	6	4	?	C, E
Orthotrichum rupestre Schleich. ex Schwaegr. var. rupestre	8	2	4	3	6	C,(E)
Orthotrichum rupestre var. franzonianum (De Not. ex Vent.) Vent.	6	2	5	3	?	C, E
Orthotrichum rupestre var. sturmii (Hornsch.) Jur.	8	2	4	3	6	C,(E)
Orthotrichum scanicum Groenv.	6	6	6	?	?	C, E
Orthotrichum schimperi Hammar	8	4	5	4	7	C, E
Orthotrichum speciosum Nees ex Sturm var. speciosum	7	2	6	5	5	C, E
Orthotrichum speciosum var. elegans (Schwaegr.) Warnst.	5	3	7	3	4	C, E
Orthotrichum sprucei Mont.	7	6	2	0	6	C, E, A
Orthotrichum stellatum Brid.	7	6	5	5	5	C, E
Orthotrichum stramineum Hornsch. ex Brid.	7	4	4	3	6	C, E
Orthotrichum striatum Hedw.	8	3	4	5	6	C, E
Orthotrichum tenellum Bruch ex Brid.	8	6	4	3	6	C, E
Orthotrichum urnigerum Myr. var. urnigerum	4	4	7	5	x	C
Orthotrichum urnigerum var. schubertianum (Lor.) Vent. ex Husn.	8	2	7	3	5	C
Orthotrichum urnigerum var. venturii (De Not.) Vent. & Bott.	8	2	7	3	5	C
Oxymitra paleacea Bisch.	9	9	7	1	6	H
Oxystegus cylindricus (Bruch ex Brid.) Hilp. var. cylindricus	4	3	4	6	5	C
Oxystegus cylindricus var. holtii (Braithw.) Podp.	4	6	3	7	5	C
Oxystegus hibernicus (Mitt.) Hilp.	4	6	2	7	5	C
Pallavicinia lyellii (Hook.) Carruth.	6	6	3	8	6	H
Paludella squarrosa (Hedw.) Brid.	7	2	6	7	8	C
Paraleucobryum enerve (Thed.) Loeske	9	1	6	7	2	C
Paraleucobryum longifolium (Hedw.) Loeske var. longifolium	4	3	6	4	1	C
Paraleucobryum longifolium var. subalpinum (Milde) Demar.	6	2	6	5	1	C
Paraleucobryum sauteri (Schimp.) Loeske	4	3	7	5	2	C, E
Pedinophyllum interruptum (Nees) Kaal.	3	3	4	6	9	C
Pellia endiviifolia (Dicks.) Dum. (fabbroniana)	x	4	5	8	8	H
Pellia epiphylla (L.) Corda	x	4	5	8	5	H,(A)
Pellia neesiana (Gott.) Limpr.	x	3	6	8	5	H
Peltolepis quadrata (Saut.) K. Muell.	6	1	7	6	9	H
Phaeoceros bulbiculosus (Brotero) Prosk.	6	9	6	7	6	H
Phaeoceros carolinianus (Michx.) Prosk. (Anthoc. laev. auct. c. eur.)	7	4	5	7	6	H, T
Phaeoceros laevis (L.) Prosk.	6	9	4	6	6	H, T
Phascum curvicolle Hedw.	8	6	5	3	8	T
Phascum cuspidatum Hedw. var. cuspidatum	8	4	5	4	6	T
Phascum cuspidatum var. mitraeforme Limpr. (? papillosum)	8	6	7	5	6	T
Phascum cuspidatum var. piliferum (Hedw.) Hook. & Tayl.	9	6	6	2	7	T
Phascum floerkeanum Web. & Mohr	8	6	5	6	7	T
Philonotis caespitosa Jur.	6	3	5	7	2	C
Philonotis calcarea (B. & S.) Schimp.	8	2	5	7	8	C
Philonotis capillaris Lindb. ex C. Hartm. (arnellii)	7	3	4	7	2	C
Philonotis fontana (Hedw.) Brid.	8	x	5	7	2	C
Philonotis marchica (Hedw.) Brid.	7	6	5	7	5	C
Philonotis rigida Brid.	7	7	2	7	6	C
Philonotis seriata Mitt.	8	1	6	7	2	C
Philonotis tomentella Mol.	6	1	6	7	8	C
Physcomitrium eurystomum Sendtn. (acuminatum)	9	7	6	7	7	T
Physcomitrium pyriforme (Hedw.) Brid.	8	4	5	7	6	T
Physcomitrium sphaericum (Ludw.) Brid.	8	5	5	7	6	T
Plagiobryum demissum (Hook.) Lindb.	5	1	4	6	8	C
Plagiobryum zierii (Hedw.) Lindb.	4	1	6	7	8	C
Plagiochasma rupestre (Forst.) Steph.	7	9	5	5	7	H
Plagiochila asplenioides (L. emend. Tayl.) Dum.	4	4	5	6	6	C
Plagiochila exigua (Tayl.) Tayl. (= corniculata)	4	7	2	6	3	C, E
Plagiochila killarniensis Pears.	4	8	1	5	5	C, E
Plagiochila porelloides (Torrey ex Nees) Lindenb.	6	3	5	5	7	C,(E)
Plagiochila punctata Tayl.	4	5	1	6	2	C, E
Plagiochila spinulosa (Dicks.) Dum.	4	6	1	6	5	C, E
Plagiomnium affine (Bland.) T. Kop.	5	4	5	5	5	H
Plagiomnium cuspidatum (Hedw.) T. Kop.	4	3	5	5	7	H
Plagiomnium drummondii (B. & S.) T. Kop.	4	4	8	6	5	H
Plagiomnium elatum (B. & S.) T. Kop.	x	2	6	7	6	H
Plagiomnium ellipticum (Brid.) T. Kop.	6	2	6	7	3	H
Plagiomnium medium (B. & S.) T. Kop.	5	1	6	7	5	H
Plagiomnium rostratum (Schrad.) T. Kop.	4	3	5	6	8	H
Plagiomnium undulatum (Hedw.) T. Kop.	4	3	5	6	6	H, C
Plagiopus oederiana (Sw.) Crum & Anders. var. oederiana	4	1	6	6	8	C
Plagiopus oederiana var. alpina (Schwaegr.) Dalla Torre & Sarnth.	8	1	6	5	8	C
Plagiothecium cavifolium (Brid.) Iwats. (roseanum)	4	2	6	5	6	H
Plagiothecium curvifolium Schlieph. ex Limpr.	5	3	4	4	2	H
Plagiothecium denticulatum (Hedw.) B., S. & G. var. denticulatum	5	x	5	4	5	H
Plagiothecium denticulatum var. obtusifolium (Turn.) Moore (donianum)	9	1	6	7	4	H
Plagiothecium laetum B., S. & G.	4	3	6	4	2	H,(E)
Plagiothecium latebricola B., S. & G.	3	3	4	5	3	H
Plagiothecium neckeroideum B., S. & G.	2	2	7	6	2	H
Plagiothecium nemorale (Mitt.) Jaeg. (sylvaticum agg.)	4	3	5	6	5	H
Plagiothecium noricum Mol. ex Limpr.	4	3	7	6	2	H
Plagiothecium piliferum (Sw. ex C. Hartm.) B., S. & G.	3	1	6	6	2	H
Plagiothecium platyphyllum Moenk.	5	3	4	7	4	H
Plagiothecium ruthei Limpr. denticulatum var. undulatum)	x	5	6	7	3	H
Plagiothecium succulentum (Wils.) Lindb.	5	2	4	6	2	H
Plagiothecium undulatum (Hedw.) B., S. & G.	4	3	4	6	1	H
Platydictya confervoides (Brid.) Crum	5	3	6	4	8	C
Platydictya jungermannoides (Brid.) Crum	3	2	4	6	9	C
Platydictya subtile (Hedw.) Crum	7	4	7	5	6	C, E
Platygyrium repens (Brid.) B., S. & G.	6	5	6	4	6	C, E
Pleuridium acuminatum Lindb.	7	5	4	5	4	T
Pleuridium palustre (B. & S.) B., S. & G.	7	6	7	7	5	T
Pleuridium subulatum (Hedw.) Rabenh.	7	3	4	7	4	T
Pleurochaete squarrosa (Brid.) Lindb.	9	8	5	2	6	C
Pleurocladula albescens (Hook.) Grolle	9	1	6	8	5	C
Pleurocladula islandica (Nees) Grolle	9	1	6	8	5	C
Pleurozium schreberi (Brid.) Mitt.	6	3	5	4	2	C
Pogonatum aloides (Hedw.) P. Beauv. var. aloides	6	3	5	6	3	H
Pogonatum aloides var. obtusifolium Amann (= briosianum)	6	8	7	6	6	H
Pogonatum nanum (Hedw.) P. Beauv. var. nanum	7	5	4	5	2	H
Pogonatum urnigerum (Hedw.) P. Beauv.	8	2	6	6	2	H
Pohlia ambigua (Limpr.) Broth.	8	1	7	5	5	C
Pohlia andalusica (Hoehnel) Broth. (rothii)	8	2	4	6	4	C
Pohlia andrewsii Shaw	5	1	7	6	4	C
Pohlia annotina (Hedw.) Lindb.	8	3	6	6	4	C
Pohlia bulbifera (Warnst.) Warnst.	8	3	4	6	3	C
Pohlia camptotrachela (Ren. et Card.) Broth.	8	3	6	6	3	C
Pohlia cruda (Hedw.) Lindb.	4	x	5	5	5	C
Pohlia drummondii (C. Muell.) Andr.	9	1	6	7	2	C
Pohlia elongata Hedw. var. elongata	4	2	6	5	2	C
Pohlia elongata var. acuminata (Hoppe & Hornsch.) Hueb.	4	2	6	5	2	C
Pohlia elongata var. polymorpha (Hoppe & Hornsch.) Nyh.	4	1	6	5	5	C
Pohlia filum (Schimp.) Maort. (erecta)	9	1	6	4	2	C
Pohlia lescuriana (Sull.) Grout (pulchella)	4	2	4	6	3	C
Pohlia longicollis (Hedw.) Lindb.	4	1	7	6	2	C
Pohlia ludwigii (Spreng. ex Schwaegr.) Broth.	9	1	6	7	3	C
Pohlia lutescens (Limpr.) Lindb.	4	5	5	5	3	C
Pohlia marchica Osterwald	8	7	7	7	1	C
Pohlia melanodon (Brid.) J. Shaw (delicatula)	7	4	5	5	6	C
Pohlia muyldermansii Wilcz. & Demar.	7	5	3	7	3	C
Pohlia muyldermansii var. pseudomuyldermansi Arts et al.	7	5	3	7	3	C
Pohlia nutans (Hedw.) Lindb.	5	x	5	4	2	C
Pohlia obtusifolia (Brid.) L. Koch (cucullata)	9	1	6	7	2	C
Pohlia proligera (Kindb. ex Limpr.) Lindb. ex H. Arn.	6	1	6	5	3	C
Pohlia sphagnicola (B., S. & G.) Broth.	7	2	7	7	1	C
Pohlia tundrae Shaw	9	1	7	7	6	C
Pohlia vexans (Limpr.) Lindb. f.	9	1	7	7	5	C
Pohlia wahlenbergii (Web. & Mohr) Andr. var. wahlenbergii	6	x	5	7	6	C
Pohlia wahlenbergii var. calcareum (Warnst.) Warburg	8	6	5	7	9	C
Pohlia wahlenbergii var. glacialis (Schleich. ex Brid.) Warburg	9	1	6	7	6	C
Polytrichum alpinum Hedw.	7	1	6	6	2	H
Polytrichum commune Hedw. var. commune	6	2	5	7	2	H
Polytrichum commune var. humile Sw.	8	2	5	6	2	H
Polytrichum commune var. perigoniale (Michx.) Hampe	8	2	6	6	1	H
Polytrichum commune var. uliginosum Hueb.	7	2	6	8	1	H
Polytrichum formosum Hedw.	7	3	5	5	2	H
Polytrichum juniperinum Hedw.	8	2	5	4	3	H
Polytrichum longisetum Sw. ex Brid. (gracile)	8	2	6	7	2	H
Polytrichum pallidisetum Funck	7	3	7	7	2	H
Polytrichum piliferum Hedw. var. piliferum	9	x	5	2	2	H
Polytrichum sexangulare Brid. (norvegicum)	9	1	6	7	1	H
Polytrichum strictum Menz. ex Brid. (affine)	8	2	6	6	1	H
Porella arboris-vitae (With.) Grolle (M. laevigata)	5	4	5	4	7	C
Porella baueri (Schiffn.) C. Jens.	5	4	7	4	8	C, E
Porella cordaeana (Hueb.) Moore	5	2	5	6	6	C,(A, E)
Porella obtusata (Tayl.) Trev. (= macroloba)	7	9	4	5	6	C,(E)
Porella pinnata (Dicks.) Nees	x	7	1	9	x	C, A
Porella platyphylla (L.) Pfeiff.	5	3	5	4	6	C, E
Pottia bryoides (Dicks.) Mitt.	9	6	5	7	8	T
Pottia caespitosa (Bruch ex Brid.) C. Muell.	8	8	4	2	9	C
Pottia davalliana (Sm.) C. Jens. var. davalliana	8	5	5	6	7	T
Pottia davalliana var. conica (Schleich. ex Schwaegr.) Podp.	8	6	4	6	6	T
Pottia intermedia (Turn.) Fuernr.	7	5	5	6	6	T
Pottia lanceolata (Hedw.) C. Muell.	8	5	5	6	8	T
Pottia recta (With.) Mitt.	8	7	4	5	6	T
Pottia starckeana (Hedw.) C. Muell. var. starckeana	9	6	5	7	6	T
Pottia starckeana var. brachyodus C. Muell. (mutica, affinis))	9	6	4	2	8	T
Pottia truncata (Hedw.) B. & S.	7	4	5	7	5	T
Prasanthus suecicus (Gott.) Lindb.	9	1	7	7	2	C
Preissia quadrata (Scop.) Nees	x	2	6	7	9	H
Pseudephemerum nitidum (Hedw.) Reim.	6	5	4	7	3	T
Pseudobryum cinclidioides (Hueb.) T. Kop.	x	2	6	7	2	H
Pseudocrossidium hornschuchianum (K. F. Schultz) Zander	9	5	4	2	7	C
Pseudocrossidium revolutum (Brid.) Zander	7	6	4	3	8	C
Pseudoleskeella catenulata (Brid. ex Schrad.) Kindb. var. catenulata	8	3	6	4	8	C
Pseudoleskeella catenulata var. sibirica (Arn. ex Lindb.) Duell (P. sibirica)	7	1	6	5	9	C
Pseudoleskeella mildeana (De Not.) Amann (Pseudoleskea artariae)	8	8	7	4	9	C
Pseudoleskeella nervosa (Brid.) Nyh. (Leskeella n.)	7	4	6	5	6	C, E
Pseudoleskeella tectorum (Funck ex Brid.) Kindb. ex Broth.	8	x	7	2	7	C,(E)
Pterigynandrum filiforme Hedw. var. filiforme (montanense)	6	2	6	5	5	C, E
Pterigynandrum filiforme var. majus (De Not.) De Not. (decipiens)	8	3	6	6	4	C,(E)
Pterogonium gracile (Hedw.) Sm.	8	5	4	4	5	C
Pterygoneurum kozlovii Lazar. (= smardeanum)	9	7	8	2	7	T
Pterygoneurum lamellatum (Lindb.) Jur.	8	7	5	5	8	T
Pterygoneurum ovatum (Hedw.) Dixon	9	5	5	3	7	T
Pterygoneurum sampaianum (Mach.) Mach.	9	8	7	3	8	T
Pterygoneurum subsessile (Brid.) Jur.	9	7	8	3	7	T
Ptilidium ciliare (L.) Hampe	8	3	6	4	2	C
Ptilidium pulcherrimum (G. Web.) Vainio	7	3	6	5	2	C, E
Ptilium crista-castrensis (Hedw.) De Not.	4	3	6	6	3	C
Ptychomitrium incurvum (Schwaegr.) Spruce	5	9	2	3	1	C
Ptychomitrium polyphyllum (Sw.) B. & S.	7	5	3	3	2	C
Pylaisia polyantha (Hedw.) Schimp. var. polyantha	8	3	6	5	7	C, E
Pylaisia polyantha var. suecica (B., S. & G.) Broth.	8	2	7	6	7	C,(E)
Pyramidula tetragona (Brid.) Brid.	8	6	4	6	7	T
Racomitrium aciculare (Hedw.) Brid.	x	3	4	7	2	C, A
Racomitrium affine (Schleich. ex Web. & Mohr) Lindb.	6	2	?	6	1	C
Racomitrium aquaticum (Brid. ex Schrad.) Brid.	6	3	6	7	1	C, A
Racomitrium canescens (Hedw. ex Hedw.) Brid. ssp. canesc.	9	3	6	1	6	C
Racomitrium elongatum Ehrh. ex Frisvoll	8	3	6	1	4	C
Racomitrium ericoides (Web. ex Brid.) Brid.	8	2	4	2	4	C
Racomitrium fasciculare (Hedw.) Brid.	8	2	6	6	1	C
Racomitrium heterostichum (Hedw. ex Hedw.) Brid.	8	5	4	1	1	C
Racomitrium lanuginosum (Hedw.) Brid.	9	x	6	3	3	C, H
Racomitrium macounii Kindb. ex Kindb. ssp. macounii	9	1	6	6	1	C
Racomitrium macounii ssp. alpinum (Lawt.) Frisv.	9	1	6	7	2	C
Racomitrium microcarpon (Hedw.) Brid.	9	2	7	2	2	C
Racomitrium obtusum (Brid.) Brid.	4	5	3	5	2	C
Racomitrium sudeticum (Funck) B. & S.	7	2	6	6	1	C
Radula complanata (L.) Dum.	7	3	5	5	7	H, E
Radula lindenbergiana Gott. ex C. Hartm. f.	7	2	4	5	6	H, E
Reboulia hemisphaerica (L.) Raddi	7	4	4	7	7	H
Rhabdoweisia crenulata (Mitt.) Jameson	4	4	3	7	2	C
Rhabdoweisia crispata (With.) Lindb.	4	3	4	7	3	C
Rhabdoweisia fugax (Hedw.) B., S. & G.	4	2	6	6	2	C
Rhizomnium magnifolium (Horik.) T. Kop.	6	2	6	7	3	H
Rhizomnium pseudopunctatum (B. & S.) T. Kop. (subglobosum)	6	2	6	7	5	H
Rhizomnium punctatum (Hedw.) T. Kop.	3	3	4	6	4	H
Rhodobryum ontariense (Kindb.) Kindb.	x	5	7	5	8	C
Rhodobryum roseum (Hedw.) Limpr.	4	3	6	6	7	C,(!H)
Rhynchostegiella curviseta (Brid.) Limpr.	4	8	3	6	8	C
Rhynchostegiella durieui (Mit+D1112t.) Allorge (Orthothecium)	3	8	4	5	7	C
Rhynchostegiella jacquinii (Garov.) Limpr.	3	7	4	8	7	C, A
Rhynchostegiella teesdalei (B. & S.) Limpr. (teneriffae)	4	5	2	7	7	C
Rhynchostegiella tenella (Dicks.) Limpr.	4	5	4	3	8	C
Rhynchostegium alopecuroides (Brid.) A.J.E. Smith (Hygrohypnum lus.)	x	5	3	9	2	C, A
Rhynchostegium confertum (Dicks.) Schimp.	4	5	4	5	6	C,(E, A)
Rhynchostegium megapolitanum (Web. & Mohr) B., S. & G.	8	6	6	2	6	C
Rhynchostegium murale (Hedw.) B., S. & G.	5	3	5	5	7	C
Rhynchostegium riparioides (Hedw.) C. Jens. (Platyhypnidium)	x	3	5	8	6	C, A
Rhynchostegium rotundifolium (Brid.) B., S. & G.	4	7	5	5	7	C
Rhytidiadelphus loreus (Hedw.) Warnst.	4	3	4	6	3	C
Rhytidiadelphus squarrosus (Hedw.) Warnst.	7	3	6	6	5	C
Rhytidiadelphus subpinnatus (Lindb.) T. Kop. (calvescens)	8	2	6	6	5	C
Rhytidiadelphus triquetrus (Hedw.) Warnst.	7	3	5	4	6	C
Rhytidium rugosum (Hedw.) Kindb.	9	x	5	4	7	C
Riccardia chamaedryfolia (With.) Grolle (A. sinuata)	5	4	4	8	3	H, A
Riccardia incurvata Lindb.	9	2	4	7	2	H
Riccardia latifrons (Lindb.) Lindb.	4	3	6	7	1	H
Riccardia multifida (L.) S. Gray	7	4	5	8	4	H
Riccardia palmata (Hedw.) Carruth.	4	3	4	6	1	H
Riccia beyrichiana Hampe ex Lehm.	9	3	3	7	2	H
Riccia bifurca Hoffm.	9	4	7	6	5	H, T
Riccia breidleri Jur.	9	1	7	7	2	H
Riccia canaliculata Hoffm.	8	5	5	8	3	H
Riccia cavernosa Hoffm. emend. Raddi (crystallina auct. c. eur.)	9	6	5	8	6	H
Riccia ciliata Hoffm.	8	4	7	6	5	T,(H)
Riccia ciliifera Link ex Lindenb.	9	6	8	2	5	H
Riccia crozalsii Levier	8	8	3	2	6	H
Riccia crystallina L. emend. Raddi	8	9	4	7	6	H, T
Riccia fluitans L. emend. Lorbeer	x	6	5	9	4	H, A
Riccia frostii Aust.	9	9	9	7	7	H
Riccia glauca L.	8	5	5	7	5	T,(H)
Riccia gougetiana Durieu & Mont.	9	9	5	4	6	H
Riccia huebeneriana Lindenb.	9	5	5	8	5	T
Riccia lamellosa Raddi	8	9	6	5	6	H
Riccia ligula Steph.	8	9	4	5	5	T
Riccia michelii Raddi	8	9	4	5	7	H
Riccia nigrella Dc.	9	9	4	5	5	H
Riccia papillosa Moris	9	9	5	5	5	H
Riccia pseudopapillosa Levier ex Steph.	8	8	8	5	5	H
Riccia rhenana Lorbeer	7	6	5	9	6	H, A
Riccia sorocarpa Bisch. var. sorocarpa	9	x	5	6	5	H, T
Riccia sorocarpa var. heegii Schiffn.	9	8	4	6	5	H, T
Riccia subbifurca Warnst. ex Crozals	8	6	4	6	7	H, !T
Riccia trichocarpa M.A. Howe (canescens)	9	8	5	2	5	H
Riccia warnstorfii Limpr.	8	6	3	7	5	H, T
Ricciocarpos natans (L.) Corda	9	6	5	8	6	H, A
Riella notarisii (Mont.) Mont.	9	9	5	9	6	T, A
Saelania glaucescens (Hedw.) Broth. ex Bom. & Broth.	4	x	6	4	6	C
Sanionia uncinata (Hedw.) Loeske	x	x	6	7	3	C, E
Sauteria alpina (Nees) Nees	5	1	7	6	6	H
Scapania aequiloba (Schwaegr.) Dum.	5	2	6	6	8	C
Scapania apiculata Spruce	4	3	7	6	3	C
Scapania aspera M. & H. Bernet	5	3	4	6	9	C
Scapania calcicola (H. Arn. & J. Perss.) Ingham	6	3	6	6	9	C
Scapania carinthiaca Jack ex Lindb.	5	3	7	7	3	C
Scapania compacta (A. Roth) Dum.	7	6	4	5	2	C
Scapania crassiretis Bryhn	5	2	8	6	5	C
Scapania curta (Mart.) Dum.	6	3	5	6	3	C, H
Scapania cuspiduligera (Nees) K. Muell.	6	2	6	7	8	C
Scapania degenii Schiffn. ex K. Muell.	7	2	6	8	7	C
Scapania glaucocephala (Tayl.) Aust.	5	2	7	7	2	C
Scapania gymnostomophila Kaal.	4	2	6	7	7	C
Scapania helvetica Gott.	7	2	7	6	6	C
Scapania irrigua (Nees) Nees ssp. irrigua	8	3	6	7	4	C, H
Scapania irrigua ssp. rufescens (Loeske) Schust.	9	2	7	7	1	C
Scapania lingulata Buch (= microphylla)	4	3	3	6	3	C
Scapania massalongi (K. Muell.) K. Muell.	5	3	7	6	2	C
Scapania mucronata Buch	4	3	7	6	2	C
Scapania nemorea (L.) Grolle	4	4	5	5	2	C
Scapania paludicola Loeske & K. Muell.	8	2	6	8	6	C
Scapania paludosa (K. Muell.) K. Muell.	8	2	6	8	4	C
Scapania parvifolia Warnst.	5	2	4	6	3	C
Scapania praetervisa Meyl.	4	2	5	6	7	C
Scapania scandica (H. Arn. & Buch) Macv.	8	3	6	7	4	C
Scapania scapanioides (Mass.) Grolle (vexata)	4	2	7	6	2	C
Scapania subalpina (Nees ex Lindenb.) Dum.	9	1	6	8	4	C
Scapania uliginosa (Sw. ex Lindenb.) Dum.	8	2	5	8	4	C
Scapania umbrosa (Schrad.) Dum.	4	3	4	6	1	C
Scapania undulata (L.) Dum.	x	3	5	9	5	C, A
Scapania verrucosa Heeg	6	2	7	7	5	C
Schistidium agassizii Sull. & Lesq. ex Sull.	6	1	6	8	5	C, A
Schistidium apocarpum (Hedw.) B. & S. var. apocarpum	7	x	5	3	7	C,(A)
Schistidium apocarpum var. atrofuscum (Schimp.) C. Jens. ex Weim.	8	2	6	2	9	C,(A)
Schistidium apocarpum var. boreale (Poelt) Duell	9	1	6	2	7	C
Schistidium apocarpum var. brunnescens (Limpr.) Loeske	9	6	7	1	8	C
Schistidium apocarpum var. confertum (Funck) Moell.	9	x	6	1	7	C
Schistidium apocarpum var. grande (Poelt) Duell	7	1	7	5	9	C
Schistidium apocarpum var. strictum (Turn.) Moore (papillosum)	4	2	6	5	6	C
Schistidium maritimum (Turn.) B. & S. var. maritimum	9	3	3	7	5	C, A
Schistidium pulvinatum (Hedw.) Brid. (flaccidum, sphaericum)	9	x	7	1	5	C
Schistidium rivulare (Brid.) Podp. ssp. rivulare	x	2	6	8	6	A, C
Schistidium rivulare ssp. latifolium (Zett.) B. Bremer (alpicola)	8	x	6	2	8	C
Schistidium trichodon (Brid.) Poelt	9	3	6	3	8	C
Schistostega pennata (Hedw.) Web. & Mohr	1	3	4	6	1	T
Scleropodium cespitans (C. Muell.) L. Koch (caespitosum)	6	7	3	6	6	C, E
Scleropodium purum (Hedw.) Limpr.	6	4	5	4	5	C
Scleropodium touretii (Brid.) L. Koch fo. touretii (illecebrum)	8	7	4	3	6	C
Scopelophila cataractae (Mitt.) Broth.	8	7	3	7	6	C
Scopelophila ligulata (Spruce) Spruce	4	3	7	6	6	C
Scorpidium scorpioides (Hedw.) Limpr.	9	2	6	8	9	C,(A)
Scorpidium turgescens (T. Jens.) Loeske	9	1	6	8	8	C
Scorpiurium circinatum (Brid.) Fleischer & Loeske	5	8	4	5	7	C,(E)
Scorpiurium sendtneri (Schimp.) Fleischer	7	8	6	4	7	C, E
Seligera acutifolia Lindb.	3	5	5	6	9	C
Seligera austriaca Schauer	7	2	7	6	8	C
Seligera brevifolia (Lindb.) Lindb.	3	2	6	5	8	C
Seligera calcarea (Hedw.) B., S. & G.	3	4	4	7	9	C
Seligera calycina Mitten (paucifolia)	3	6	3	6	9	C
Seligera campylopoda Kindb.	3	2	7	6	8	C
Seligera diversifolia Lindb.	3	1	6	6	9	C
Seligera donniana (Sm.) C. Muell.	2	3	6	5	7	C
Seligera irrigata (H. Paul) Ochyra & L. Gos (trifaria var.)	4	4	7	8	9	C
Seligera oelandica C. Jens. & Medel.	3	1	6	8	9	C
Seligera patula (Lindb.) Broth. (alpestris)	3	5	5	6	9	C
Seligera pusilla (Hedw.) B., S. & G.	3	4	6	5	9	C
Seligera recurvata (Hedw.) B., S. & G. var. recurvata	3	3	6	6	7	C
Seligera trifaria (Brid.) Lindb. var. trifaria	3	4	4	7	9	C
Seligera trifaria var. alpestris (Schauer) L. Gos & Ochyra (austriaca)	7	2	7	6	8	C
Seligera trifaria var. longifolia (Broth.) Ochyra & L. Gos	3	4	7	7	9	C
Seligera tristichoides Kindb.	3	2	7	6	8	C
Sematophyllum demissum (Wils.) Mitt.	5	5	3	6	1	C
Sematophyllum micans (Mitt.) Braithw.	5	6	3	8	1	C, A
Southbya nigrella (De Not.) Henriques	8	8	3	6	8	H
Southbya tophacea (Spruce) Spruce	6	8	3	7	9	C, H
Sphaerocarpos michelii Bell.	7	8	4	6	5	T
Sphaerocarpos texanus Aust.	7	7	4	6	6	T
Sphagnum affine Ren. & Card. (imbricatum agg.)	7	3	4	7	1	C
Sphagnum angustifolium (C. Jens ex Russ.) C. Jens. (parvifolium)	7	3	6	7	2	C
Sphagnum annulatum Lindb.	8	2	6	8	1	C
Sphagnum austinii Sull. (imbricatum agg.)	8	3	3	8	2	C
Sphagnum balticum (Russ.) Russ. ex C. Jens.	8	2	6	8	1	C,(A)
Sphagnum capillifolium (L.) Hedw. var. capillifolium (nemoreum)	x	3	5	7	2	C
Sphagnum capillifolium var. tenerum (Sull. & Lesq. ex Sul.) Crum	9	2	6	8	2	C
Sphagnum centrale C. Jens. ex S. Arn. & C. Jens. (subbicolor)	6	3	?	7	1	C
Sphagnum compactum DC. ex Lam. & DC.	8	3	6	7	2	C
Sphagnum contortum K. F. Schultz	8	3	6	8	2	C
Sphagnum cuspidatum Ehrh. ex Hoffm. var. cuspidatum	9	3	6	8	1	C,(A)
Sphagnum denticulatum Brid. (auriculatum, rufescens)	7	3	4	8	4	C, (A)
Sphagnum fallax (Klinggr.) Klinggr. (mucronatum, recurvum)	7	3	6	7	2	C
Sphagnum fimbriatum Wils. ex Wils. & J. D. Hook.	5	3	6	7	2	C
Sphagnum flexuosum Dozy & Molk. (amblyphyllum)	7	3	6	5	3	C
Sphagnum fuscum (Schimp.) Klinggr.	9	2	6	7	1	C
Sphagnum girgensohnii Russ.	4	2	6	7	1	C
Sphagnum lescurii Sull. (inundatum)	5	3	6	7	4	C
Sphagnum lindbergii Schimp. ex Lindb.	8	1	6	7	2	C
Sphagnum magellanicum Brid. (medium)	9	3	6	7	1	C
Sphagnum majus (Russ.) C. Jens. (dusenii)	7	3	6	8	1	C
Sphagnum molle Sull.	8	5	4	7	2	C
Sphagnum nitidum (= subfulvum)	5	1	7	7	2	C
Sphagnum obtusum Warnst.	9	2	6	8	3	C
Sphagnum palustre L. (cymbifolium)	7	4	5	6	2	C
Sphagnum papillosum Lindb.	9	2	4	7	1	C
Sphagnum platyphyllum (Lindb. ex Braithw.) Sull. ex Warnst.	7	3	6	8	4	C, A
Sphagnum pulchrum (Lindb. ex Braithw.) Warnst.	9	3	4	8	2	C
Sphagnum quinquefarium (Lindb. ex Braithw.) Warnst.	4	3	4	7	4	C
Sphagnum riparium Aongstr.	6	2	6	8	2	C
Sphagnum rubellum Wils.	9	3	5	7	1	C
Sphagnum russowii Warnst. (robustum)	6	2	6	7	2	C,(A)
Sphagnum squarrosum Crome	5	x	5	7	3	C
Sphagnum strictum Sull.	8	2	3	7	2	C
Sphagnum subnitens Russ. & Warnst. ex Warnst. (plumosum)	8	4	4	7	3	C
Sphagnum subsecundum Nees ex Sturm	6	2	6	7	3	C
Sphagnum tenellum (Brid.) Bory	9	3	4	8	2	C
Sphagnum teres (Schimp.) Aongstr. ex C. Hartm.	9	x	6	7	3	C
Sphagnum warnstorfii Russ.	7	2	6	8	3	C
Sphagnum wulfianum Girg.	4	4	8	7	2	C
Sphenolobus hellerianus (Nees ex Lindenb.) Steph. (Crossocalyx)	6	3	6	6	2	C,(E)
Sphenolobus minutus (Schreb.) Berggr.	7	2	6	5	3	C
Splachnum ampullaceum Hedw.	8	3	6	7	4	T
Splachnum sphaericum Hedw. (ovatum)	8	2	6	8	5	T
Splachnum vasculosum Hedw.	9	1	6	6	5	T
Stegonia latifolia (Schwaegr.) Vent. ex Broth. var. latifolia	8	1	6	6	8	C,T
Stegonia latifolia var. pilifera (Brid.) Broth.	8	1	7	5	8	C,T
Targionia hypophylla L.	6	7	3	4	5	H
Taxiphyllum densifolium (Lindb.) Reimers	5	6	8	6	7	H
Taxiphyllum wissgrillii (Garov.) Wijk & Marg.	3	4	4	6	8	H
Tayloria acuminata Hornsch.	9	1	7	7	5	C
Tayloria froelichiana (Hedw.) Mitt. ex Broth.	7	2	7	7	7	C
Tayloria hornschuchii (Grev. & Arnott) Broth.	9	1	5	6	6	C
Tayloria lingulata (Dicks.) Lindb.	9	1	6	8	5	C
Tayloria rudolphiana (Garov.) B. & S.	9	2	7	5	6	C, E
Tayloria serrata (Hedw.) B. & S.	8	3	7	6	5	C
Tayloria splachnoides (Schleich. ex Schwaegr.) Hook.	7	2	7	6	5	C
Tayloria tenuis (With.) Schimp.	7	3	6	6	5	C
Tetralophozia setiformis (Ehrh.) Schljak.	8	1	4	5	1	C
Tetraphis pellucida Hedw.	3	3	5	6	2	C,(E)
Tetraplodon angustatus (Hedw.) B. & S.	8	2	6	6	7	T
Tetraplodon mnioides (Hedw.) B. & S.	8	2	6	7	7	C
Tetraplodon urceolatus (Hedw.) B. & S.	9	1	7	6	7	C
Tetrodontium brownianum (Dicks.) Schwaegr. (ovatum)	1	4	3	6	1	C
Tetrodontium repandum (Funck) Schwaegr.	2	2	6	6	1	C
Thamnobryum alopecurum (Hedw.) Gang.	4	4	4	6	7	C, A,(E)
Thuidium abietinum (Hedw.) B., S. & G. var. abietinum	8	x	5	2	7	C
Thuidium abietinum var. hystricosum (Mitt.) Loeske	8	4	3	4	9	C
Thuidium delicatulum (Hedw.) B., S. & G. var. del.	7	4	5	4	7	C
Thuidium delicatulum var. dubiosum (Warnst.) Dism. ex Hillier	8	5	7	4	7	C
Thuidium minutulum (Hedw.) B., S. & G. (Cyrtohypnum)	4	5	8	6	7	C, E
Thuidium philibertii Limpr.	6	3	4	6	7	C
Thuidium recognitum (Hedw.) Lindb.	5	3	4	6	6	C
Thuidium tamariscinum (Hedw.) B. & S.	4	4	4	7	4	C,(E)
Timmia austriaca Hedw.	4	1	6	6	8	C
Timmia megapolitana Hedw. ssp. megapolitana	8	6	8	8	9	C
Timmia megapolitana ssp. bavarica (Hessl.) Brassard	3	2	7	6	9	C
Timmia norvegica Zetterstedt var. norvegica	x	1	6	6	7	C
Timmia norvegica var. excurrens Bryhn (comata)	3	1	8	6	9	C
Timmiella anomala (B. & S.) Limpr.	5	9	5	5	5	C
Timmiella barbuloides (Brid.) Moenk.	6	9	5	5	8	C
Tortella bambergeri (Schimp.) Broth.	9	7	7	2	8	C
Tortella densa (Lor. & Mol.) Crundw. & Nyh.	9	3	6	3	8	C
Tortella flavovirens (Bruch) Broth.	7	5	4	2	8	C
Tortella flavovirens var. glareicola (T. Christ.) Crundw.	8	5	3	2	8	C
Tortella flavovirens var. viridiflava (De Not.) Cas.-Gil	9	8	5	2	9	C
Tortella fragilis (Drumm.) Limpr.	9	2	6	x	5	C
Tortella humilis (Hedw.) Jenn.	5	8	7	3	7	C,(E)
Tortella inclinata (Hedw. f.) Limpr.	9	3	5	2	8	C
Tortella inflexa (Bruch) Broth.	4	8	5	3	9	C
Tortella nitida (Lindb.) Broth.	8	8	4	2	7	C
Tortella tortuosa (Hedw.) Limpr. var. tortuosa	5	x	6	5	8	C,(E)
Tortella tortuosa var. fleischeri (E. Bauer) A. Latzel	5	3	7	4	8	C, E
Tortella tortuosa var. fragilifolia (Jur.) Limpr.	3	7	7	3	6	C
Tortula atrovirens (Sm.) Lindb. (Desmatodon convolutus)	9	7	4	1	6	C
Tortula brevissima Schiffn.	9	8	7	2	8	C
Tortula canescens Mont.	9	7	4	1	6	C
Tortula caninervis (Mitt.) Broth. (desertorum, spuria)	9	9	7	1	8	C
Tortula cuneifolia (With.) Turn.	5	8	4	5	6	C
Tortula fragilis Tayl.	5	8	5	5	5	C
Tortula handelii Schiffn.	5	9	7	3	7	C, E
Tortula inermis (Brid.) Mont.	8	8	6	2	6	C
Tortula intermedia (Brid.) Berk. var. intermedia (montana)	9	6	5	1	8	C,(E)
Tortula intermedia var. calva (Dur. & Sag.) Wijk & Marg.	9	6	4	1	8	C
Tortula laevipila (Brid.) Schwaegr. var. laevipila	8	5	4	3	6	C, E
Tortula laevipila var. laevipilaeformis (De Not.) Limpr.	8	8	3	4	6	C, E
Tortula latifolia Bruch ex Hartm.	7	6	4	5	7	C, E
Tortula lingulata Lindb.	5	6	8	7	5	C
Tortula marginata (B. & S.) Spruce.	3	8	4	5	9	C
Tortula mucronifolia Schwaegr.	7	2	7	5	7	C
Tortula muralis Hedw. var. muralis	8	5	5	2	x	C
Tortula muralis var. aestiva Brid. ex Hedw.	3	6	5	5	7	C
Tortula muralis var. obcordata (Schimp) Limpr.	9	8	6	1	x	C
Tortula norvegica (Web. f.) Wahlenb. ex Lindb. var. norvegica	8	1	6	3	5	C
Tortula norvegica var. calva W. Kramer	8	1	7	3	5	C
Tortula obtusifolia (Schwaegr.) Mathieu (Desmatodon)	5	3	7	5	7	C
Tortula pagorum (Milde) De Not.	8	8	6	3	7	E, C
Tortula papillosa Wils. ex Spruce	8	6	4	3	6	E, C
Tortula princeps De Not. var. princeps	9	6	3	3	6	C
Tortula revolvens (Schimp.) G. Roth var. revolvens	9	8	7	1	5	C
Tortula revolvens var. obtusata Reim. (fiori)	9	8	7	1	5	C
Tortula rhizophylla (Saki) Iwats. & Saito (Chenia r.)	8	7	?	2	6	C
Tortula ruraliformis (Besch.) Grout.	9	5	4	1	7	C
Tortula ruralis (Hedw.) G., M. & S. ssp. ruralis	9	x	5	2	6	C,(E)
Tortula ruralis ssp. calcicolens (W. Kramer) Duell	9	5	6	1	7	C
Tortula sinensis (C. Muell.) Broth. (alpina)	7	2	7	2	8	C
Tortula subulata Hedw. var. subulata	6	3	6	5	5	C
Tortula subulata var. angustata (Schimp.) Limpr.	6	5	5	4	6	C
Tortula subulata var. graeffii Warnst.	7	4	4	3	8	C
Tortula subulata var. subinermis (Brid.) Wils.	5	7	4	6	6	C, E
Tortula velenovskyi Schiffn. (Hilpertia v.)	9	8	8	1	9	C
Tortula virescens (De Not.) De Not. (pulvinata)	8	5	5	3	6	C, E
Trematodon ambiguus (Hedw.) Hornsch.	8	3	6	7	2	C
Trematodon brevicollis Hornsch.	6	1	7	7	2	C
Trichocolea tomentella (Ehrh.) Dum.	6	4	4	8	6	C
Trichostomopsis australasiae (Hook. & Grev.) Robins. (Didymodon au.)	7	8	2	3	7	C
Trichostomopsis australasiae var. umbrosa (D. Muell.) Duell (Didymodon umsa)	4	8	3	7	9	C
Trichostomum brachydontium Bruch var. brachydontium	8	6	5	2	8	C
Trichostomum brachydontium var. cuspidatum (Braithw.) Savi	5	5	4	5	9	C
Trichostomum brachydontium var. littorale (Mitt.) C. Jens.	8	6	5	3	8	C
Trichostomum crispulum Bruch. var. crispulum (elatum)	6	4	5	6	9	C
Trichostomum crispulum var. brevifolium (C. Muell.) B. & S.	7	7	4	2	8	C
Trichostomum crispulum var. hammerschmidii (Loeske & Paul) Blumrich	6	3	7	6	9	C
Trichostomum crispulum var. viridulum (Bruch) Dixon	6	6	4	4	7	C
Tritomaria exsecta (Schmid.) Loeske	5	3	5	6	1	C, H
Tritomaria exsectiformis (Breidl.) Loeske	6	3	6	6	2	C,(H)
Tritomaria polita (Nees) Joerg. (Saccobasis)	7	1	6	6	6	C
Tritomaria quinquedentata (Huds.) Buch	6	2	6	6	5	C
Tritomaria scitula (Tayl.) Joerg.	8	1	7	5	6	C
Trochobryum carniolicum Breidl. & Beck	4	5	4	8	8	C
Ulota bruchii Hornsch. (crispa var. norvegica)	4	3	4	5	4	C, E
Ulota coarctata (P. Beauv.) Hammar	6	3	5	6	6	C, E
Ulota crispa (Hedw.) Brid. var. crispa	4	3	5	6	4	C, E
Ulota curvifolia (Wahlenb.) Lilj.	8	1	7	3	2	C
Ulota drummondii (Hook. & Grev.) Brid.	7	2	4	6	4	C, E
Ulota hutchinsiae (Sm.) Hammar	5	3	4	4	3	C,(E)
Ulota macrospora Bauer & Warnstorf	5	6	5	6	2	C, E
Ulota phyllantha Brid.	6	5	2	6	7	C, E
Voitia nivalis Hornsch.	9	1	7	6	5	C
Weissia brachycarpa (Nees & Hornsch.) Jur.	8	4	5	3	6	C
Weissia condensa (Voit ex Sturm) Lindb.	9	6	5	1	9	C
Weissia controversa Hedw. var. controversa	7	4	5	4	6	C
Weissia controversa var. crispata (Nees & Hornsch.) Nyh.	9	4	5	2	7	C
Weissia controversa var. densifolia (B., S. & G.) Wils.	8	6	4	6	6	C
Weissia controversa var. stenocarpa Nees & Hornsch.	8	8	?	4	6	C
Weissia levieri (Limpr.) Kindb.	8	8	3	5	7	T
Weissia longifolia Mitt. (A. crispum)	8	5	5	5	7	T
Weissia rostellata (Brid.) Lindb. (meylanii)	7	6	4	7	5	C,!T
Weissia rutilans (Hedw.) Lindb. mucronata)	8	5	4	6	5	C
Weissia squarrosa (Nees & Hornsch.) C. Muell.	8	5	4	6	5	C
Weissia triumphans (De Not.) M. Hill var. triumphans	9	8	4	1	9	C
Weissia triumphans var. pallidisetum (H. Muell.) Duell (Trichostonum)	9	8	6	1	9	C
Weissia wimmeriana (Sendt.) B., S. & G.	8	2	6	6	6	C
Zygodon conoideus (Dicks.) Hook. & Tayl.	6	5	3	6	5	C, E
Zygodon dentatus Breidl. ex Jur.	6	4	7	6	7	C, E
Zygodon forsteri (With.) Mitt.	6	6	3	6	6	C, E
Zygodon gracilis Wils. ex Berk.	4	2	3	6	9	C
Zygodon ssp. viridissimus var. viridissimus	6	4	3	5	7	C, E
Zygodon ssp. var. stirtonii (Schimp. ex Stirt.) Hagen	4	4	3	6	7	C,(E)
Zygodon ssp. baumgartneri (Malta) Duell (rupestris, vulgaris)	6	4	4	5	7	C, E
